RecID(String),FirstName(String),MiddleName(String),LastName(String),Address(String),City(String),State(String),ZIP(String),POBox(String),POCityStateZip(String),SSN(String),DOB(String)
A927559,Richard,S,Stokes,2565 Lakeside Dr,BENTON,AR,72019,,,8229890,4/12/72
A904694,christine,,urias,5404 ROCKLAND DR,pearland,tx,77584,,,166-91-0767,
A904695,RICHARD,S,STOKES,2384 MOUNTAIN PINE RD,Hot,Springs,Ar 7191,,,,4/12/72
A904696,michelle,,daughtry,2301 plumeria lane,Palmdale,Ca,93551,PO MBOX 901243,"palmdale, ca 93590",086-71-1424,1956
A904697,A,,GARFIO,1305 NORTH FOYD STR LOT 10,JONESBOROY,AR,72401,,,22542011,
A904698,MIHCAEL,L,VALENCIA,3 HOPE DR,WATSONVILLE,CA,95076,P Box 1353,"watsonvile, calif. 95077",157146562,
A904699,DELORES,E,GARRISON,6880 NEWPORT COVE WAY,sacramento,uca,95823,post office 293357,"SACRAMENTO, CA 95829",,
A904700,KYLE,,LEOS,3430 Triunfo Canyon Rd,AGOURAT,HILLS,CA 91301,,,74720043,
A904701,angelica,a,v,1404 Watwood Rd,jsan,diego,ca 92114,,,,
A904702,ALICEA,L,SIMMS,7038 Wentworth Wy,NEW,PORT,RICHEY FL 34655,,,91693861,19081006
A904703,L,,JORADN,615 E ORANGE GROVE AVE APT J,burbank,ca,91501,,,45453558,
A904704,maurine,,hoover-willats,552 butch canyn,SAN,ANTONION,TEXAS 78252,PTO BOX 690362,"san antonio, tx 78269",53685315,1917
A904705,robert,l,chaviar,13675 fleet drive,SOUTH,GATE,CAA 90280,,,128385359,2/12/31
A904706,,,VASQUEZ,30454 BOB RD,trumann,arkansas,72472,,,135519783,11/16/53
A904707,brian,c,alavrez,105 Chateau La Salle Dr,San,Jose,Cali. 95111,po box 640083,"SAN JOSE, CA 95164",186208781,
A904708,Irvin,,Aglan,58007 Pimlico St,Ucca,Valley,California 92284,,,98692447,
A904709,erika,,pinckney,1101 Ne 23rd Ct,pompano,beach,fl 33064,,,,
A904710,ANGEL,,ADAMS,10336 MCVINE AVENIDA,SUNLAND,CA,91040,,,88686234,7/8/69
A904711,YSLVIA,,DIAZ,2551 nw 13th street acpt 15,MIAMI,FL,33125,Poa Box 430115,"MIAMI, FL 33243",,
A904712,MARTAH,,SALGADO,1311 fancis strt,fort,wort,tx 76164,,,91619405,
A904713,ojshua,warren,davis,21Y9 W GEARY ST,FRESNO,CA,93706,,,,6/7/16
A904714,CARLA,W,WILSON,9998 FLYROD DRIV,paso,robles,califoornia 93446,,,176-19-2715,4/30/36
A904715,MYRNA,M,HULSEY-BERGNER,606a Walnut St,trumann,ar,72472,CALL BOX M1055,"TRUMANN, AR 72472",29655120,
A904716,w,,moore,1120 rosewood way,alameda,california,94501,,,181971768,
A904717,RUBEN,,SALGADO,15911 WALNUT WOOD DR,Houston,Txg,77084,,,117589706,
A904718,gavin,,tabor,2390 N Raven Ln,FAYETTEVILLE,AR,72704,,,020-14-8985,
A904719,RUI,S,SALISBURY,1745 south rio vista ct,Visalia,Ca,93292,,,096-37-5304,4/4/19
A904720,GEORGE,C,LANHAM,2115 Avenida Del Mexico,SAN,DIEGO,CAM 92154,PO BOX 45236,"SAN DIEGO, CA 9P2145",,8/15/06
A904721,Lambert,P,Alonso,2511 jeanne mcqueen place,JONESBORO,AR,72404,,,083-85-0675,
A904722,,,PONCE,9135 TULLAMORE CTG,SACRAMNTO,CA,95829,,,,
A904723,Caleb,A,Williams,236c32 blooming meadow rd,Moreno,Valley,Cali 9r2557,,,137074293,
A904724,Jeffrey,J,Hamilton,5227 THUNDER LN,patrick,afb,florida 32925,,,87130412,
A904725,JORGE,M,VILLA,119 Se 4th Venue,cape,coral,fla. 33990,,,16307017,7-Feb-16
A904726,Shawnte,,Kitaveelaih,33088 CHURCHILL ST,Lake,Elsinore,Ca 92530,,,165418376,19110305
A904727,T,,FRIEDLICH,374 THERESA LN,MOODY,TEXAS,76D557,,,158206856,
A904728,LCIFTON,,VKIM,405 ACKLINGTON DR,ANNA,TX,75409,,,001-06-4896,1948
A904729,Jan,J,Simons,7501 KETCH CT,CITRUS,HEIGHTS,CA 95621,,,,
A904730,Krissy,,Gagrica,14309 lakeside terrace drive,HOUSTON,TX,77044,,,183684975,
A904731,SUSANNAH,B,ESTRADA,1451 MICHIGANP AVE APT 27,BEAUMONT,CA,92223,,,18536520,8/22/81
A904732,bev,,jacobs,1119 E76th St,LOS,ANGELES,CALIFORNFIA 90001,POST 881605,"LOS ANGELES, CALIFORNIA 90009",,
A904733,luduvina,o,oshioka,5725 Ridgestone Dr,TAMPA,FLORIDA,33625,,,2233586,
A904734,Elmer,A,Hudson,15005 Rxoundup Dr,tampa,fl,33624,APTDLO 76972,"TAMPA, FLA. 33675",063-67-9432,
A904735,John,A,Andersno,9076 BRIDALVEIL CIR,Stockton,Ca,95212,,,,
A904736,CANDACE,,QUILES,1475 W 4th Str Apt 522,HIALEAH,FLA.,Y33012,,,010-93-5422,
A904737,Tony,,Ayen,7979 N Eldride Parkway,houston,tx,77041,,,130811122,14-Feb-77
A904738,donald,armando,cortez,207 E 158TH ST,GARDENA,CA,90248,,,,
A904739,l,,lantrip,6417 Kennedy Ct,WATAUGA,TX,76148O,,,25579615,21-Mar-24
A904740,mereidth,j,gadlindo,1634 PINEDALE AVE,BLOOMIGTON,CA,92316,,,161550802,
A904741,,,Machuca,22 GARDENSIDE DBRIVE APT 7,SAN,FRANCISCO,CA 94131,,,,
A904742,G,J,Flannery,3336 Sleepy Hollow Ln,MODESTO,CA,95355,,,41486886,
A904743,CONSTANCE,M,CRANSTON,084 royal marquis circl,OCOEE,FLORIDA,34761,,,177177118,
A904744,fernando,,alvarez,4635 luxford ct,SACRAMENTO,CA,95842,,,186309630,6/9/84
A904745,ELVIA,T,JOYCE,2772 E Ponderosa Dr Apt 282,CAMARILLO,CA,93010,,,608478984,
A904746,Ketty,,Beverly,2977 PALO VERDE WY,Antioch,Callifornia,94509,Po Box 1655,"ANTIOCH, CA 94509",,
A904747,Samantha,H,Walker,410 Wapello Circ,sacramento,ca,95835,PO BOX 293357,"Sacramento, Ca 95829",104513023,
A904748,REINA,,WILKERSON,6425 Filbert Ave,Oraangevale,Ca,95662,,,,
A904749,Jimmy,,Bostic,3505 NW 12TH AVE,GAINESVILLE,FL,32605,,,032-82-1465,1916
A904750,Lillain,W,Fitzpatrck,1183 ROADRUNNER AV,san,jacinto,ca 92582,,,184145564,
A904751,L,R,CLELAND,1445 w 6th avnue,HIALEAH,FL,33010,PO BOX 126743,"HIALEAH, FL 33012",154510339,1955
A904752,CORY,,AAGAARD,5202 guava dr,HARLINGEN,TX,7J8552,,,126496454,
A904753,Normdy,Mateo-de,Alonzo,1460 LAKE SHADOW CIR APT 7102,MAITLAND,FL,32751,,,139-78-7140,
A904754,ERNESTINE,L,LUNA,2122 rainwood cosurt,Arlingtontx,,76017,,,074-50-4581,19290307
A904755,rodney,,alegria,10229 COUNTY ROAD 2253,Tyler,Tx,75707,,,,1958
A904756,Marco,G,Rout,1412 SARA DR,LITTLE,ROCK,AR 72206,PO BOX 165891,"LITTLE ROCK, AR 72216",073-91-4171,
A904757,WANYE,D,L,3220 Laurelhurst Dr,Rancho,Cordova,Ca 95670,,,121121101,
A904758,Joyec,M,Pallett,1857 W 24TH ST APT 1,los,angeles,ca 90018,,,012-68-7271,1961
A904759,LYNDA,R,SIMMONS,12291 Nw Newsomem Rd,Clarksville,Fl,32430,,,196793879,
A904760,LUIS,,VU,8646 ferndale st,SAN,DIEGO,CALIF. 92126,po box 45236,"sank diego, cali 92145",,
A904761,susan,j,collins,249 porter st,san,antonio,texas 78210,,,107073444,
A904762,sonia,e,castillo,117 GOOD HOPE RD,cot,ar,72326,,,,26-Sep-07
A904763,JAMES,,LUCERO,9614 SW 146H AVE,Miami,Florida,33186,,,021-09-3521,1978
A904764,napoleon,hunter,miles,106 via rosa ct,Debary,Fl,32713,,,191756738,
A904765,FLORENCIO,C,BANDONG,1010 livermore st,PORTLAND,TGX,78374,,,019-62-7942,
A904766,Stephanie,,Aybar,1411 cihrcle dr,ROUND,ROCK,TX 78664,,,159-54-0817,
A904767,Beatrice,D,Sctot,446 Rverview Ln,MELBOURNE,BEACH,FL 32951,,,,1964
A904768,NANCY,,BULAON,2984 se 146th pl,SUMMRFIELD,FLA.,34491,Po Box 832,Summerfield Florida 34492,86936056,
A904769,Rocio,R,Flores-guevara,17524 robusta dr,RIVERSIDE,CA,92503,,,194492433,13-Jun-84
A904770,ROBERT,HARVEY,SLULINS,232 E JOHGNSTON AVE,hemet,ca,92543,PO BOX 1315,"Hemet, Ca 9546",124596988,1917
A904771,margie,g,reihl,1600 Saracen Ln,NORTH,PORT,FL 34286,Ost Office Box 7006,"NORTH PORT, FLOIDA 34290",180012536,
A904772,JAKE,,LUCERO,2937 S VICTORIA AVE,LOS,ANGELES,CALI 9001X6,PO BOX 8816Y05,"los angeles, ca 90009",67747404,
A904773,Yevgenyi,P,Zimmerle,4121 Northwst 106h Avn,Coral,Springs,Fl 33065,OFFICE BOX 8140,"CORAL SPRINGS, FL 33075",065-97-4425,
A904774,ANITA,F,TARDAN,101 e alamo st,ELGIN,TX,78621,CALLERH 1348,"Elgin, Tx 78621",119808318,
A904775,dicey,,saenz,2107 Sutherand Road,Lynn,Haven,Fl 32444,,,39844995,
A904776,CRUZ,T,ROBERTS,569 n elmwood ave apt 9,LINDSAY,CA,9324P7,,,,1942
A904777,DOROTHY,T,OLADO,2159 KINSLEY LN,tallahassee,fl,32308,PO BOX 4045,"tallahassee, fl 32315",160393819,
A904778,FREDDIE,,NAIR,"36786 us highway 69 north,",jacksonville,texas,75766,,,,
A904779,ED,,LUJAN,1517 SW 45TH LN,MIAMI,,FL33185,,,,
A904780,,,carter,415 Woodson Lateral Rd,HENSLEY,ARKANSAS,72065,,,103-99-0693,2/3/54
A904781,mesrop,j,gilliam,6800 LANDINGS DR APT 107,Lauderhill,Fl,33319,,,73486987,
A904782,M,,MILLER,45911 farzmstead road,coarsegold,ca,93614,,,59521370,
A904783,DEBRA,B,MCDANIEL,1273 SANDFIA AVNUE,Sunnyale,Cali,94089,,,90243189,
A904784,B,J,GREENE,10734 CANTDLEWOOD DRIVE,HOUSTON,TX,77042,Po Box 280034,"houston, tx 77228",76369215,12/7/28
A904785,B,G,Reyes,5220h chollas pkway,SAN,DIEGO,CA 92105,,,199612308,
A904786,Shawyn,,G,1000 Indian Shores Rd,Crosby,Tx,77532,,,158-34-7032,
A904787,CHANDRA,,CALVO,7542 FREDA AVE,YRIVERSIDE,CA,92504,,,43221389,
A904788,ROSA,P,ADKNIS,8442 SUMMERDALE ROAD UNIT C,SNAN,DIEGO,CALIF. 92126,,,131246961,1902
A904789,LAURA,,MATTHEWS,444 anita st spc 103,CHULA,VITA,CA 91911,BOX 1657,"CHULA VISTA, CALF. 91912",,1929
A904790,TERAH,,SERRANO,5426 BARTON AVE APT 1,LOS,ANGELEST,CA 90038,PO BOX 881605,"LOS ANGELES, CA 90009",74622373,
A904791,BARBARA,,MALONE,345 12TH AVE,Indian,Rocks,Beach Fl 33785,,,,1982
A904792,ROBERTO,M,NELSON,5143 harvard st,Montclair,Ca,91763,,,145720831,
A904793,JOHN,A,DAYNES,569 DOE COVE PL,apopka,fl,32703,,,126-42-9205,
A904794,keven,h,audirsch,5618 CACTUS DR,laredo,texas,78041,OFFICE BOX 451224,"LAREDO, TEXAS 78045",94754258,
A904795,Clelia,L,Campbell,5230 PARK BLVD LOT 21,pinellas,park,fl a33781,,,107529129,
A904796,omar,,danks,416 FULLER ST APT 4,CORONA,CA,92879,,,149-98-7769,1/22/33
A904797,ANGELITA,A,A,11694 cr 630,blue,ridge,tx 75424,,,,
A904798,Antonio,,Morfin,2915 BARBERRY CT,lompoc,ca,93436,,,171168014,
A904799,GEOVANI,,G,1932 77th St,lubbock,texas,79423,,,51796652,
A904800,Jorge,K,Hamby,4221 Nw 204th Strt,miami,gardens,fla. 33055,box 02035,"miami gardens, fl 33055",144808995,
A904801,BRADLEY,,BROUSSARD,1729 w 35th st,LOS,ANGELES,CALIFORNIA 0018,,,184-72-8373,
A904802,patirzia,a,viera,1599 WOALKINGSHAW WAY,San,Josecali,95132,,,149584269,
A904803,R,M,Qday,4103 viscaya st,SEBRING,FLORIDA,33872,,,186428689,12/1/82
A904804,MARTA,G,HOTTINGER,6795 Gaylord St,Riverside,Calijfornia,92505,,,127-14-8395,3/23/26
A904805,tatiana,l,jordan,11749 cxham drv,orlando,fl,32837,Po Box 720506,"ORLANDO, FL 32872",,
A904806,maria,,steen,7217 Rolling Manor Drz,benton,ark,72019,,,,27-Oct-29
A904807,Adrienne,C,Acdan,125 GREENRIDE CIR,LEAGUE,CITY,TEXA 77573,,,2626486,
A904808,H,L,TAUTM,1540 GEORGE ST,Orlando,Fl,32806,,,054-41-8778,
A904809,Julieta,D,Holloman,1517 STUBBS ST APT A,amarillo,tx,79106,,,70307902,
A904810,michelle,a,vrenna,"3253 highway 278 e,",Monicello,Ark.,71655,po box 493,"MONTICELLO, AR 71657",14005173,
A904811,marai,j,lopez,40850 corte lbos reyes,Indio,Ca,92203,,,25213528,
A904812,peggy,j,huff,6115 Montgoery Ave,PENSACOLA,FL,32526,PO BOX 3522,"PENSACOLA, FLA.32516",36404542,
A904813,ROBERT,M,MARTINEZ,19992 ne 20th ln,lawteqy,fla.,32058,,,119029621,
A904814,efrain,e,hughes,11813 WRIGHT RD APT C,LYNWOOD,CA,90262,,,5857823,
A904815,armine,,erum,103M86 MILLS TOWER DR,RANCHO,CORDOVA,CA 95670,,,,1960
A904816,HUBERT,A,MHAAN,911 S PARK AVE APT 108,Titusville,Florida,32780,Po Box 5765,"titusville, fl 32783",141070073,1932
A904817,t,,cierra,858 Arrett Wy,SAN,JACINTO,CALIFORNIA 92583,,,013-80-9274,
A904818,JASON,,GARDON,3102 forest knoll circulo,TAMPA,FLORIDA,33618,OFFICE BOX 76972,"TAMPA, FL 33675",139-18-0348,
A904819,Arminta,E,Bossard,3782 falcon div,hilliard,fl,32046,PO BOX 614,"HILLIARD, FL 32046",616299483,
A904820,CARLOS,L,GAUVRY,1809 Cypress Pl,springdaele,ark,72762,,,76029918,1907
A904821,dexter,m,kovatsi,8770 sw wooten way,KINARD,FL,32449,,,064-22-1136,
A904822,DIANE,,B,9628B GLACIER CREEK WAY,Elk,Grove,Ca 95624,,,187149409,1973
A904823,Brian,D,Woodruff,9822 HASKELAL AVE,north,hills,cali 91343,,,199538930,1910
A904824,ANDREW,J,HAGAN,8403 quail hills dr,Missouri,City,Tx 77489,,,36882406,
A904825,PAULA,R,SUMLIN,1119 Conclin Tr Unit 2,Talahassee,Florida,32310,,,162827868,
A904826,jaqueline,k,brown,1445 Cedar Ave,SAN,LEANDRO,CA 94579,Post Ffice Box 3325,"SAN LANDRO, CA 94578",65655885,
A904827,Rosio,E,Santo,224 SE 32ND TERR,HOMESTEAD,FL,33033,,,,
A904828,JAMES,M,G,"490b Treemont Ave Sw,",PALM,BAY,FLA. 3290S8,,,120141957,11/10/59
A904829,Stephanie,L,Fernandez,4409 FAWN HILL CT,ANTIOCH,CA,J94531,,,80152806,
A904830,Anna,A,Becer,3253 Hillcrest Dr Apt 5b,SAN,ANTONIO,TX 78201,,,18965189,
A904831,Ernesto,T,Ortega,428 West Ave,INGEWOOD,CALIFORNIA,90301,PO BOX 1607,"inglewood, ca 90308",,19460625
A904832,THOMAS,L,BRATCHER,2648 VISTA TRL,BELTON,TX,76513,,,117-95-0201,
A904833,CHRISTINE,J,WAN,1496 san adrews dr,FRISCO,TX,75034,,,41344348,6/21/17
A904834,ALFONZO,K,LEU,58215 Joshua Lanwe,Yucca,Valley,Calif. 92284,,,118183501,10/20/00
A904835,Vuyisile,,Borna,1521 YOLO ST,corning,ca,96021,,,175-54-9814,
A904836,BERT,L,GAMBOA,1001 EAST CHILKOOT AVENU,TAMPA,FL,33612,,,135-67-9669,
A904837,GRACE,Z,KENNEDY,442 cr 6104,Nacogdoches,Tx,75964,,,117-13-3147,
A904838,alberto,,malkiewicz,1124 SOUTHWEST 2ND AV,POMPANO,BEACH,FLORIDA 3306E0,,,27111743,28-Jun-57
A904839,martah,t,halapio,"7100 8th Ave N, Apt D",saint,petersburg,fla. 33710,,,123-67-5489,
A904840,HUONG,E,TUALLA,4536 JACQUELINE DVR,new,port,richey florida 34652,POST 34656-140L5,"New Port Richey, Fl 34654",138-94-1396,
A904841,william,,villarreal,1707 Foxglove Ln,boca,raton,florida 33487,,,,
A904842,LAURINDA,M,HOFFMAN,13126 S VERMONT AVE APT 6,GADENA,CA,90247,,,,1940
A904843,K,D,Ventura,710 W COLLEGE AVE,HARRISON,AR,72601,,,17404796,
A904844,REBECCA,M,HERNANDEZ,4588 BENITO ST,Montclair,California,91763,,,,
A904845,stephen,,salazar,17 Coarse Gold Rd,oroville,ca,95965,,,54915253,
A904846,LUSI,J,BEERS,240 Frenchys Cv Apt 44,camarillo,ca,93012,po box 213,"CAMARILLO, CA 93011",,
A904847,P,,YOGUNG,395 N Rooks Ave,inverness,fl,34453,,,068-52-5118,
A904848,ELAS,P,LITTLES,910 RICH AVE APT 1,mountain,view,ca 94040,,,193177319,
A904849,CHUCK,M,CRUZ,326 KELTON DR,Salinas,Calmif.,93906,,,149889493,
A904850,,,CHISSIE,86023 SAND HICKORY TRL,YULEE,FLORIDA,32097,,,029-16-5615,
A904851,sherry,a,ashley,6335 HUMBOLDRT HILL RD APT 4,eureka,california,95503,,,123-66-6677,1927
A904852,J,S,BUTLER,1552 Mariner Ct,Lakeland,Fl,33803,,,123549988,1900
A904853,Arnaldis,D,W,20790 BLUE SPRINS VILLAGE RD,SPRINGDALE,AR,72764,,,,8/20/46
A904854,FELIPE,,MANJARRES,25526 REDLANDS BOULEVARD SPC 110,LOMA,LINDA,CA 92354,,,142012390,
A904855,Halima,,Cahs,735 N 5th St,SILSBEE,TEXAS,77656,PO BX 352,"silsbee, teas 77656",071-12-7293,
A904856,Herminio,,Kroilk,2943 N COTTONWOOD ST UNIT 3,Orange,Ca,92865,,,,1969
A904857,Jerry,,Alberto,"3020 moncrief road w,",JACKSONVILLE,FL,32209,POST BOX 5314,"jacksoville, fl 32247",55896817,
A904858,RONALDO,S,DAVENPORT,713 SARTORI AVE # B,Torrance,Cha,90501,,,32736645,
A904859,Theresa,J,Valencia,4926 CHARITON AVE,TAMPA,FL,33603,,,56210672,7/23/66
A904860,GAUDENCIO,,ARTEAGA,174 Fairway Dr,MOUNTAIN,HOME,AR 72653,,,152526185,
A904861,J,D,ANTHONY,2320 JARDIN DR,oxnard,casli,93036,,,24370640,
A904862,SONYA,D,SHIRLEY,2320 Migration Ct,EELK,GROVE,CA 95757,,,608-86-7401,1952
A904863,D,E,HALL,23014 goings ave,CORNING,CA,96021,PO BOX 594,"CORNING, CA 96021",,
A904864,CHRISTINE,,CARRANZA-MERCADO,313 STONECASTLE WAY,VACAVILLE,CA,95687,,,133-63-7796,3/28/43
A904865,Sonda,,Buitrago,14419 Royal Hil Dr,Houston,Tx,7708z3,Po Box 280034,"HOUSTON, TX 77228",314337701,
A904866,REBECAC,M,HERNANDEZ,2072 PEPPERTREE COURT,Corona,Ca,92883,,,40158414,
A904867,ELIZABETH,,CAMPOS,2159 NORTHWEST SUNSET BOULV,Jensen,Beach,Fl 34957,,,160612810,
A904868,karen,w,scott,2590 County Road 43270,POWDERLY,TX,75473,,,,15-Dec-12
A904869,Drea,,Galstyan,2386 flrida ln,Durham,Ca,95938,Po Box 1064,"Durham, Calivf. 95938",166798420,1971
A904870,carmen,d,dunk,2900 SUNRIDGE DR APT 501,AUSTIN,TX,78741,,,045-25-2605,
A904871,P,W,Harris,54360 Kavenida Juarez,LA,QUINTA,CA 92253,post 1056,"LA QUINTA, CA 92247",003-34-5331,
A904872,JAMES,L,KRAUCHUNAS,14280 Shoredale Ln,Farmers,Branch,Tx 75234,,,111201980,
A904873,CRAOL,F,GILSON,2230 RIESLING AVE,hanford,ca,93230,po box 146,"HANFORD, CA 93232",83328172,
A904874,SHANNON,R,UGIZAR,1056 Myersr Rd,BROOKSVILLE,FL,34602,,,,11-May-13
A904875,NORBERT,,LUNA,37282 Spruce Ost,newark,ca,94560,PO BOX 85,"NEWARK, CALIF. 9460",,
A904876,C,D,WARDLE,3 TEMPLETON,IRVINE,CA,92602,,,,
A904877,Rodney,M,Brackle,1559 Rocdkwood Strt,LOS,ANGELES,CA 90026,PO BOX 881605,"los angeles, ca 90009",22345095,
A904878,daivd,e,jackosn,1625 van horne ln,redondo,beach,california 90278,,,141-16-8801,
A904879,VICTOR,K,EVERET,1031 SW 50TH AVE,Margate,Fl,33068,,,,
A904880,N,,RAMPAS,5801 HILLCREST RD,San,Pablo,Ca 94806,,,163975173,
A904881,Sean,A,Calonge,6621 nola dr,Wataua,Tx,76148,,,,
A904882,GILDA,,GORIS,2219 Ackerman Dr,PITTSBURG,CA,94565,,,,5/9/85
A904883,AZIM,C,L,2200 e mountin rd,SPRINGDALE,AR,72764,,,,
A904884,FRANCIS,,NOYA,19439 Via Del Caballo,yorba,linda,california 92886,PO BOX 2021,"YORBAS LINDA, CA 92885",5321258,1922
A904885,CARRIE,L,HENRANDEZ,80 MACARTHUR BLVD APT 2,Oakland,Ca,94610,PO BOX 18616,"OAKLAND, CA 94619",199-05-9032,19740822
A904886,J,,WILKINSON,1137 W 6th Street,JACKSONVILLE,FLAP.,32209,,,118178086,
A904887,BENJAMIN,G,HYILL,8140 MELBA VE,CANOGA,PARK,CA 91304,,,2134948,
A904888,HORTESNE,L,COLTON,7915 EDGEMOOR DR,HOUSTON,TX,77036,,,,
A904889,THMOAS,,PERETS,10185 118TH AN,LARGO,FL,33773,,,20151374,
A904890,K,,WORTHINGTON,336 NW 54TH TER,Gainesville,Fl,32606,Po Box 607,"GAINESVILLE, FL 32602",,
A904891,JAVIER,L,MYERS,39563 Calle San Clemente,MURRIETA,BCA,92562,,,159563102,
A904892,JENNIFER,S,MORRIS,3941 revere ave,los,angeles,ca 90039,PO BOX 881605,"los angeles, ca 90009",,
A904893,M,N,Vitale,864 SPRINGDALE CWIR,PALM,SPRINGS,FL 33461,,,160945721,
A904894,ROBY,,MARTINEZ,10131 Ne 67th Ln,BRONSON,FLORIDA,32621,Po Box 1406,"BRONSON, FL 32621",077-89-9414,
A904895,Chimene,,Yankauskas,747 54th st pt 3,OAKLAND,CA,94609,po box18616,"OAKLAND, CALIFORNIA 94619",177379827,
A904896,LEO,R,KURTZ,113 SANTANA DR,Vacaville,Cali,95687,aptdo 1158,"VACAVILLE, CA 95696",188175543,
A904897,Lawrence,J,Mitchell,1320 SANTEE DWR APT G,SAN,JOSE,CA 95122,post box 640083,"san jose, ca 95164",62616662,19511111
A904898,INEZ,,CISNEROS,3 LAGOON CT,SANRAFAEL,CALIF.,94903,,,,
A904899,CRAIG,A,GONZALES,455 Rivergate Way Apt 12,Gsacramento,Cali,95831,,,117879786,1/20/84
A904900,lainie,j,spurlock,91 ARBOR SPRINGS LN,Pacheco,Cali,94553,,,180483818,19380130
A904901,won,,omck,3626 Montreal Cir,CONCORD,CA,94520,,,,
A904902,KARAPET,E,SALCEDO,925 Elkhoryn Ct,Jacksonville,Ar,72076,,,95112677,
A904903,Sidney,,Cano,678 HOLLY AVE,ROHNERT,PARK,CA 94928,Po Box 1249,"rohnert park, ca 94927",183292451,1977
A904904,JERRY,M,GIANFAGNA,11533 Davis Str,KMORENO,VALLEY,CALI 92557,,,,
A904905,Juana,L,Cottingham,2700 S Azusa Ave Apt 102,WEST,COVINA,CALIFORNIA 91792,,,191243428,12/9/10
A904906,B,,Mendez,3354 via sienna,costa,mesa,ca 92626,,,,23-Nov-09
A904907,bonnye,w,roberts,222 Lowery Dr,PORT,LAVACA,TX 77979,,,192007887,
A904908,J,BRENT,REFFNER,135 MOTANA AV APT 8,Santa,Monicai,Calif. 90403,,,312063755,
A904909,michelle,,soboleski,7405 rainswept ln,San,Diego,California 9219,po box 45236,"san diego, ca 92145",100479991,7/14/01
A904910,MARIE,,O,7331 riverpoin drive,maumelle,ar,2113,,,,
A904911,Rhonda,C,Cannedy,8415 CHASCO WOODS BLVD APT 2J,PORT,RICHEY,FL 34668,,,095-47-2920,
A904912,GABRIEL,M,YLAGAN,2 TRIAD LN,LADERA,RANCH,CA 92694,,,169430555,2/14/66
A904913,J,C,White,235 hempstead 125,hop,ar,71801,,,021-25-8240,11/5/55
A904914,lisa,l,rushing,10918 Peppersong Dr,riverview,,florida33578,PO BOX 2705,"RIVERVIEW, FL 33568",175729870,
A904915,Chelsea,R,M,2184 SARATOGA LN,GLENDORA,CA,91741,,,58780468,
A904916,RAFALE,A,MONTENEGRO,9720 OLIVE ST,temple,city,ca 91780,Po Bohx 674,"Temple City, Ca 91780",46988883,
A904917,TAWANDA,V,MUSQUZI,1450 rampsey rd,ALPINE,CA,91901,Po Box 308,"Alpine, Ca 91903",76760395,
A904918,Joseph,L,Lucas,12861 ENCANTO DR,VICTORVILLE,CA,92392,,,108274326,1/29/13
A904919,EDDEI,B,FICSHER,1481 Sw 124th Court Unt 7b,MIAMI,FL,33184,,,151-59-8336,
A904920,JERRY,,ROWLE,3901 SOUTH OCEAN DRIV # PC-9K,HOLLYWOOD,FL,33019,,,092-19-0375,1983
A904921,Eugene,,Sauceda,300 N KNOWLES AVENUE APT 409,WINTER,PARK,FL 32789,POST BOX 37O91,"winter park, fl 32790",177-56-2568,1914
A904922,EGNEVIEVE,A,TOUCKO,127 milton st,SAN,FRANCISCO,CA 94112,PO BOX 280911,"san francisco, ca 94128",,
A904923,Yamila,,Anderw,9570 MAIE AVE,LOS,ANGELES,CA 90002,PLO BOX 881605,"LOS ANGELES, CALI 90009",52592532,
A904924,WAYNE,D,GREENWOOD,12700 ELLIOTT AVE SPC 462,EL,MONTE,CA 91732,,,163074880,1/1/00
A904925,Teresa,A,Bowersox,356 W REDONDO BEACH BLVD,GARDEN,CALIF.,90248,,,097-18-1233,1/7/60
A904926,DENISE,S,HILL,4406 W PINTOR PL,tampa,fl,33616,BUZON 7697,"tampa, fl 33675",219852465,
A904927,SHARON,J,GONZALEZ,29441 fawn way,tehachapi,ca,93561,,,016-25-6633,26-May-11
A904928,WALTER,,O,1117 25t Strt,SAN,DIEGO,CA 92154,,,159354695,
A904929,Chirstine,J,Wan,12Q0 BOXWOODS LN,Bastrop,Tx,78602,,,041-34-4348,
A904930,Y,,HAGGINS,432 SUNNYBROOK COURT,Bedford,Texas,76021,BOX 21131,"BEDFORD, TEXAS 76095",,11/5/13
A904931,FRANCISCO,B,LOPEZ,725 Bordeaux Court,Los,Banos,Ca 93635,,,86528618,
A904932,m,,turnedr,298 monroe avenu,MASARYKTOWN,FL,34604,,,164334659,
A904933,ROSA,S,NEWMAN,36860 MAXIMILLIAN AVE,MURRIETA,CALIFORNIA,92563,,,97783796,
A904934,l,,williams,1131 thomas way,escondido,ca,92027,,,107084493,1900
A904935,MYRABELL,R,KCABRERA,2327 LEMUR DR,HOLIDAY,FL,34690,,,,12/25/51
A904936,belinda,,avila,315 THORNHILL ESTATES CT,WINTER,HAVEN,FL 33880,,,,
A904937,HYUN,H,GARCIA,3008 WOLF CREEK RD,Clearlake,Ozaks,Ca 95423,po pbox 1753,"CLEARLAKE OAKS, CA 95423",142178696,1912
A904938,CYNTHIA,G,RAMIREZ,434 Cove Ct,San,Leandro,Ca 94578,,,195203899,
A904939,laurie,h,to,13197 Doral Ave,PORT,CHARLOTTE,FL 33953,Po Box 494163,"PORT CHARLOTE, FLA. 33949",,
A904940,AUGUSTINA,A,COROY,8425 Muirfield Way,Port,Saint,Lucie Fla. 34986,PO BOX 8433,"Port Saint Lucie, Fl 34985",,
A904941,Y,A,HOLLOWAY,1535 cumberland ct,FORT,MYERS,FL 33919,,,136-53-1344,1910
A904942,kennith,d,willams,1192TRES NINOS CORTE,Viscta,Ca,92084,,,55769103,1-Jan-00
A904943,Matthias,L,Bradfyord,3200 truxel rd aptt 432,SACRAMENTO,CALIF.,95833,,,83565922,
A904944,michael,,murillo,1449 W 57th St,LOS,ANGEES,CA 90062,post 88165,"Los Angeles, Ca 90009",144-79-8884,
A904945,erickson,j,tivnan,"2619 24th ave north,",St,Petersburg,Fl 33713,,,94632560,
A904946,J,A,"HELD, JR",45 Pine Hill Ln,pam,coast,fl 32164,,,105117691,
A904947,Michelle,A,Burleson,65 N HAGAR STREET,SAN,FERNANDO,CA 91L340,,,5312182,
A904948,CEASAR,,RUBIO,63easley Loops,GREENWOOD,AR,72936,Po Box 1053,"Greenwood, Ar 72936",56095023,
A904949,FRED,,ISLAND,728 wiqllington drive,ARLINGTON,TX,76018,,,147-21-1367,
A904950,Diana,C,Quesada,308 Sable,RANCHO,SANTA,MARGARITA CA 92688,,,,
A904951,Mario,Craig,Scherer,2385 A11TH ST,Riverside,Ca,92507,callier 52661,"RIVERSIDE, CALIFORNIA 92517",,19170504
A904952,Javier,,Barahona,1128V RIGSBY AVE,san,antonio,tx 78210,,,,
A904953,PAUL,M,FERNANDEZ,4164 COWELL RD,CONCORD,CANLIFORNIA,94518,,,34465428,
A904954,Dwight,,Coleman,7558 Mionte Cristo,SAN,ANTONIO,TEXAPS 78239,Po Box 690362,"SAN ANTONIO, TX 78269",,
A904955,KELLY,M,TRACY,180 7TTH AV STE 100,SANTA,CRUZ,CA 95062,CALL BOX 3569,"Santa Cruz, Ca 95063",193170549,1930
A904956,,,Camarena,227 Sansome St,SALINAS,CA,93907,,,031-98-2500,1904
A904957,VIVIAN,G,ROSIER,1551 SE 220TH STREET,CARSON,CAA,90745,POST 1179,"CARSON, CALI 90749",,
A904958,l,,henderson,4955 LAKE PARK CT,FALLBROOK,CA,92028,,,089-23-7164,
A904959,pedro,s,taverrite,1324 n dolenna dr,Compton,Ca,90222,,,27735162,
A904960,NIFRETTA,E,SMITH,4209 HOOKBILLED KITE,AUSTIN,TX,78738,,,32977920,1927
A904961,Tori,,Habib,2127 N Bristol Strt,SANTA,ANA,CA 92706,,,99446322,
A904962,WILLIAM,A,VINING,1654 beck cir,Stockton,Ca,9509,,,067-35-8126,
A904963,kristy,a,perez,"16221 133rd dr n,",JUPITER,FL,3347D8,Callbox 683,"JUPITER, FL 3346",64877846,
A904964,Juliana,A,Bowersox,5781 sands dr,HUNTINGTON,BEACH,CA 92647,,,063-86-7961,
A904965,stephen,,garcia,11924 w forest hill blvd # 22329,wellington,fl,33414,,,178-32-6652,1939
A904966,Tom,F,Correa,1025 FITZGEALD ST,salinas,ca,93906,,,177320605,
A904967,TERESA,A,ARSTRONG,1904 Lafferty Rd,PASADENA,TEXAS,77502,,,62480432,
A904968,DAVID,D,ALLEN,7220 nwh 46th strt,lauderhill,fl,33319,,,151307166,
A904969,will,,garcia,4600 Athens Ave,waco,tx,76710w,,,017-25-4397,
A904970,S,,CORONEL,2104 LEMONTREE WAYUNIT 4,antioch,calif.,94509,,,146694121,
A904971,J,O,NOLASCO,1022 GRETA ST,EL,CAJON,CA 92021,po box 20791,"EL CAJON, CA 92021",,
A904972,JOSE,H,MAUS,5170 KIRKOOD AVE,Spring,Hill,Fl 34608,,,41171096,
A904973,Jduith,,Torres,13326 Cologne Dr,houston,tx,77065,,,,
A904974,Antonio,E,Rolon,15510 monestino drv,orlando,fla.,32828,Po Box 720506,"ORLANDO, FLORIDA 32872",,
A904975,Joan,C,Kerby,5626 blue harbor dr,New,Portrichey,Fl 34653,,,105214680,4/30/24
A904976,KHAMLA,O,COLON,1102 couringrton court,NICEVILLE,FLA.,32578,,,67121248,19240523
A904977,JULITA,,TOTANES,18648 NAU AVE,NORTHRIDGE,CA,91326,,,,19690131
A904978,Omaira,D,Cloward,4449 giselle lane,Stockton,C,95206,,,99264096,
A904979,JENNIFER,,MEDINA,1602 mills meadow dr,round,rock,tx 78664,,,,
A904980,EPIGMENIA,L,HIPP,36 lewistyon ct,ladera,ranch,califorunia 92694,,,14465380,
A904981,IMELDA,,GONZALES,6036 outlook ave,Oakjland,Cali,94605,PO BOX 18Z616,"Oakland, Ca 94619",,
A904982,REGINA,,HERNANDEZ,7300 WAYNE AVE APT 502,Miami,Beach,Florzida 33141,,,130081472,7/30/04
A904983,jeo,,medina,800 7th St Apt 12,IMPERIAL,BEACH,CA 91932,post office box 1531,"Imperial Beach, Ca 91933",127617533,3/9/88
A904984,S,F,IBARRA,520 Pin Oak Adr,TERRELL,TEXAS,7561,fpo box 202,"TERRELL, TX 75160",142-12-0430,
A904985,TELLY,L,OUELLETT,6y329 jumilla ave,woodland,hills,ca 91367,,,6829034,8/16/26
A904986,STEPHEN,O,DIAZ,924 NW 16TH TERR,cape,coral,fl 33993,,,,
A904987,DIEGO,J,HOWITT,5068 CASPIAN COURT,ORLANDO,FL,3219,,,,
A904988,ELENA,L,BINKLEY,"13793 41st ln n,",ROYAL,PALM,BEACH FL 33411,,,012-28-3278,
A904989,IVY,P,FELXI,"813 SPANIH DR N,",longboat,key,fl 34228,,,,23-Dec-03
A904990,Leticia,,Porchia,9346 FLORAL CREST DR,HOUSTON,TX,77083,,,,1948
A904991,p,l,clark,536 W 12th St,CHICO,CA,95928D,,,,10/8/77
A904992,Joy,,Salgado,3036 N CAVES VALLEY PATH,Lecanto,Fl,34461,,,,
A904993,bethany,a,worthylake,1551 NE 120TH STR,anthony,fl,32617,,,,
A904994,SHANNON,L,MARTINEZ,9462 BOWMONT WAY,ELK,GROVE,CA 957U58,P Box 581385,"ELK GROVE, CA 95758",079-63-1450,19550527
A904995,linda,,singh,779 WILLIAMS ST,TRACY,CALIF.,95376,,,20214070,
A904996,ANACLETO,R,DANILES,51 BUD GRIMES RD,Ward,Ar,72176,,,,
A904997,ARTURO,,SPOLAR,6913 LA HACIENDA DR,FLIN,TX,75762,,,136-67-7766,
A904998,keivn,l,runksmeier,7980 Southwest 126th Av,LAKE,BUTLER,FLORIDA 32054,,,160646687,
A904999,John,,Fisher,893 W STATE ROAD 84 # 263,DAVIE,FL,33324,,,103376330,
A905000,Lovenia,B,Larkin,632 truly ter,VISTA,CA,92H084,,,703386917,2-May-44
A905001,RITCHIE,,JOSEHP,13107 live oak lane,OLD,RIVER-WINFRREE,TX 77535,,,061-09-3447,
A905002,LILIANA,M,MCCANN,2101azalea dr,Templed,Tx,76502,,,,
A905003,joanie,,lerma,42407 CHIQLSOM TR,murrieta,ca,92562,,,001-07-8415,4-Oct-73
A905004,RAYMOND,L,PEAVRSON,103 GREENVLALE DR,Mansfield,Tx,76063,,,185640007,
A905005,MIKE,,NAKANISHI,376 SVERNON AVE,SANN,JACINTO,CA 92583,,,,3/15/70
A905006,lilliam,l,burl,3712 Briarvale St,Corona,Ca,92879,,,164185056,25-Sep-89
A905007,Theodore,D,Barab,3952 ALAMO ST,IRVINE,CA,92606,,,198536334,
A905008,Ysela,N,Naarmore,1208 SWITCHGRASS LANE,Crowley,Texas,76036,,,141-62-0544,
A905009,K,,KEREGER,1444 e gladwick st,Carson,Ca,90746,,,149-62-0957,9/3/60
A905010,Hope,Z,Cooling,2731 Ers Lane,MISSOURI,CITY,TEXAS 77459,,,026-12-5060,9/18/03
A905011,adan,e,pacheco,1112 N EDENFIELD AVE,COVINA,CA,91722,Aptdo 214,"COVINA, CA 91722",,4/13/77
A905012,SANTOS,BENEDICT,GEORGE,2538 bellville ct,CAPE,CORAL,FLA. 33991,PO BOX 150706,"Cape Coral, Fla. 33915",,2/19/65
A905013,c,,crawford,1407 WEST AVE,santa,osa,cali 95407,,,073-49-0554,19091023
A905014,kenneth,d,owen,600 Hosking Ave Apt 71d,bakersfield,cca,93307,PO BOX 601J03,"BAKERSFIELD, CA 93386",,
A905015,L,,Chaez,9350 fontainebleau blvd apt c212,Miami,Florida,33172,,,159-79-4265,1942
A905016,CARL,G,BUSONICK,836 W 56TH ST,LOS,ANGELES,CALI 9037,,,,1/10/19
A905017,JOSE,C,JAIME,31 Reef Point Dr,RODE,CA,94572,,,008-92-0660,
A905018,d,,boone,220 elder rd,EL,PASO,TEXAS 79915,,,35991741,
A905019,JANELLE,D,LIVINGSTON,k79 nw 2nd str,HOMESTEAD,FL,33030,,,015-68-8375,
A905020,MIGUEL,F,CONTRERAS,3111 CR 629,Kress,Tx,79052,,,89183657,
A905021,PAVEL,R,FONTENOT,7860 SALTILLO ST,pensacola,fl,32526,PO BOX 352,"pensacola, fl 32516",55291486,
A905022,JORGE,N,GHRAIZI,305ARLONCOURT RD,SEASIDE,CA,93955,Offic Box 133,"Seaside, Cali 93955",132015925,1912
A905023,KEN,L,BIANCHI,1759 IMPERIAL PALM DR,apopka,florida,32712,,,86225395,1914
A905024,DVAID,,CARMONA,1811 ludwig ave,SANTA,ROSA,CA 95407,,,078-17-8258,
A905025,SARAH,R,NARAYAN,821 allen st apt 1123,dalas,tx,75204,box 810892,"DALLAS, TEXAS 7531",,12/16/04
A905026,ROY,E,GONZALZE,3939 Rosemeade Pkwy Apt 6314,kdallas,tx,75287,CALLER 810892,"DALLAS, TX 75381",,
A905027,DEVIA,J,FRANKLIN,9307 CORNER OAKS LANE,HOUSTON,TX,77036,O BOX 280034,"houston, tx 77228",119154730,
A905028,LORENA,G,ARDIZONE,1371 NW 80TH TER,plantation,fla.,33322,,,,1-Jan-77
A905029,cecelia,,v,22675 PLOMAR RD,NUEVO,CALI,92567,,,004-80-7232,
A905030,NOAH,,GARCIA,"521 Avenue K Ne,",pwinter,haven,fl 33881,PO BOX 3161,"winter haven, fl 33885",173-23-0856,
A905031,BETTE,S,PETRDOMO,7106 garden hstr,HOUSTON,TEXAS,7708,,,151466022,19091230
A905032,richard,darell,allen,3539 willis ct,oakland,ca,94619,POST OFFICE 18616,"OAKLAND, CALIFORNIAA 94619",,1954
A905033,HELEN,P,OLIVER,3309 CANONGATE WAY,FORT,SMITH,AR 72908,Post Box 1040v4,"fort smith, ar 72917",194734192,
A905034,JAVIER,F,SALSBURY,1425 84TBH AVENU,OKLAND,CA,94621,CALL BOX 18616,"Oakland, Ca 94619",64283254,6/23/50
A905035,L,,OLUWEK,603 VALLEY VIEW WAY,Travis,Afb,Ca 94535,Po Box 1727,"travis afb, ca 94535",48628209,2/19/52
A905036,JUAN,N,RACZKA,6400 MARTHA CT,arlington,tx,76001,,,089-76-2757,
A905037,nenita,e,reyes,10494 ne 29th ave # 2,ANTHONY,FL,32617,,,,
A905038,PAMELA,,BATEPOLA,7847 stalmer st apt b,SAN,DIEGO,CA 92111,po bcox 45236,"SAN DIEGO, CA 92145",,19330728
A905039,Irene,D,Smiley,1870 MONFIQUE ST,tracy,ca,5304,,,47366953,11/23/05
A905040,Norman,T,Robles,1248 County Road 4109,GREENVILLE,TEXAS,75401,,,123311830,
A905041,CARLDREK,M,CHAVEZ,16060 sw indianwood cir,indiantown,fl,34956,PO BOX 2051,"Indiantown, Fl 34956",023-28-5418,
A905042,Vince,G,Richardson,26422 ALDERTREE CT,moreno,valley,cali 92555,,,73827475,
A905043,DOLORSE,M,BILLINGS,1006 E Avenue J Suite E2-4,Lancaster,California,93z535,po box 901754,"lancaster, calif. 93535",58498322,1962
A905044,joaquin,o,ramirez,11008 amelina ln,Frisco,Tx,75035,,,,1/24/63
A905045,martin,l,burrows,1214 E Wichita St,henrietta,tx,76365,,,117171025,
A905046,TRICIA,W,HARRIS,100 fowler ave apt 107,CLOVIS,CA,9Z3611,,,,
A905047,gwendolyn,r,melin,726 east wite str,ANNA,TXAS,75409,,,,13-Feb-58
A905048,Candaec,H,Jenkins,3446 Summerood Wy,LAKELAND,FL,33812,,,041-38-8038,
A905049,David,G,Whiet,1122 blix st,ORTH,HOLLYWOOD,CALIF. 91602,Po Box 9483,"North Hollywood, Ca 91609",4659940,
A905050,VIRGINA,A,LUNNING,6945 SW 21ST LN,Gainesville,Fl,32607,Po Box 607,"GAINESVILLE, FL 32602",75152297,
A905051,Valerie,V,Shoaee,217 sunset dr,san,juan,texas 78589,,,46304568,19000101
A905052,TINA,L,UHTCHINGS,5408 Shore Dr,Saint,Augustine,Fl 32086,,,110702918,1958
A905053,DANIEL,L,CORTEZ-CANALES,297 BOARDWALK WAY,HAYWARD,CA,94544,,,32930482,
A905054,Melvin,W,Lewis-slayton,2714 Oliver Ave,Oakland,Ca,94605,,,45565999,
A905055,NITA,F,ERED,"I2183 HIGHWAY 321 NORTH,",WARD,AR,72176,,,090-00-3333,
A905056,Barbie,B,Vorac,30z07 gypsy pt,san,antonio,texas 78245,,,,
A905057,veronica,a,whaley,2120 el paseo str ap 2305,Houston,Texas,7754,,,94451016,
A905058,CLAUDIA,M,BAHENA,22118 Cantlay Stt,CANOGA,PARK,CALIFORNIA 91303,,,,1/28/66
A905059,CHRISTOPHER,C,AINDERSON,30 OEAN PINES DR,SAINT,AUGUSTINE,FL 32080,,,130591862,
A905060,DENISE,L,FOSTER,14265 VAN NUYS BLVD APT 91,ARLETA,CALVI,91331,,,,4/26/30
A905061,Stnaley,,Tuong,1312 DOMADOR,SAN,CLEMENTE,CA 92673,,,,
A905062,James,,Caas,1316 Forest Dr,ROGERS,AR,72756,,,099-80-4383,1982
A905063,LORAINE,,BRUSCHI,1708 E San Vicente,COMPTON,CFA,90221,,,144125494,
A905064,A,,YORK,2936 NW 122ND VENU,Sunrise,Fl,33323,,,37760299,1958
A905065,irma,j,sandstrom,2408 COUNTYB ROAD 417,Rector,Ar,72461,,,,12/25/18
A905066,JOE,R,PONCE,7008n 23rd St,mbcallen,texas,78504,Po Jbox 52840,"Mcallen, Texas 78505p",8924580,1913
A905067,R,J,SOLAREZ,2084 Ascot Dr Apt 2,Moraga,Cali,94556,,,060-03-0125,
A905068,Samann,,Shaik,2520 FOX GLENN CIRC,BEDFORD,TX,76021,,,023-53-3623,
A905069,W,,KHAN,7844 quimby ave,WEST,HILLS,CALIF. 1304,,,112-50-3137,1976
A905070,DENNIS,ROMAN,MARKOIWCZ,5932 s rue rd,west,palm,beach fl 33415,,,179144680,1956
A905071,Jose,J,Jardim,1617 Bay St Apt A,alameda,ca,94501,Aptdo 852,"ALAMEDA, CALIFORNIA 94501",089-59-0139,19340214
A905072,joanne,,kettler,5121 PEMBERTON LN,the,colony,texas 7505,,,173-85-7494,
A905073,GLORY,,ABADIA,37228 WATERMAN AVE,pdalmdale,ca,93550,,,,
A905074,WILLIAM,,RIVAS,286M69 FERN GLEN CIRCL,lake,elsinore,ca n92530,APTDO 1228,"LAKE ELSINORE, CA 92531",174789880,
A905075,Bertha,,Schiedel,48 EASTBROOK CT,CLAYTON,CA,94517,,,29708204,
A905076,William,,Becerril-sanchez,9239 Preston Rd,brooksville,fl,34601,,,61454953,
A905077,Edward,S,Lsatique,371 s burnside aovn,LOS,ANGELES,CALI 90036,,,50781479,1918
A905078,NORMA,P,ALLEN,4720 Vintage Ln Aptb 214,plano,tx,75024,,,,
A905079,FELIPE,,ZACAIRAS,4245 E Michigan St,ORLANDO,FLORIDA,32812,,,,
A905080,JODY,R,GODINEZ,3124 Bigelow Drive,holiday,fla.,34691,,,,
A905081,ELEANOR,O,MENTON,17508 TIMBERVIEW DRV,RIVERSIDE,CALIKF.,92504,PWO BOX 52661,"riverside, ca 92517",182711023,1953
A905082,ANA,D,HUBBARD,20421 guffy ln,WILDOMAR,CAI,92595,Offcice Box 1294,"WIWLDOMAR, CALIF. 92595",142506158,
A905083,Mark,,Warneke,549 RAMER FORD RD,PRIM,AR,7213Z0,,,138-59-2882,
A905084,STEVEIE,FERNANDO,ASNDOVAL,5702 WINTER RIXDGE DR,BAKERSFIELD,CA,93313,Po Box 60103,"BAKERSFIELD, CALIFORNIA 9W3386",41122385,
A905085,christopher,c,anglin,121 northwood dr,ROCKDALE,TEXAS,7567,,,132818271,
A905086,Teodoro,L,Tellington,3655 Ranchwood Rd,ORLANDO,FL,32808,,,035-47-1269,
A905087,kathy,h,herd,"1006 technology boulv w, apt 1932",allas,texas,75220,,,160638786,8/7/40
A905088,PATTIE,B,CARTR,321 S Neal St,PRAIRIE,GROVE,AR 72753,,,148-93-2878,1921
A905089,dicey,a,morris,1717 s wilton place apt 3,LOS,ANGELES,CA 90019,,,34794916,
A905090,Maria,R,Mcdonald,2208 San Vittorino Cir Apt 103,kissimmee,fl,34741,,,156156021,1982
A905091,Jaime,,Galhouse,1202 KENTUCKY AVE,FORT,PIERCE,FL 34950,CALL BOX 12444,"FORT PIERCE, FL 34979",189546658,8-Jan-08
A905092,JOSE,R,OLIVARES,2055 shady creek pl,Danville,Ca,94526,,,,
A905093,SHEILA,E,DEES,8821 Sailfish Bawy Circle,Sacramento,Calif.,9588,,,,
A905094,PEDRO,,RAMOS,41713 WOODRIDGE AVENU UNIT 3,murrieta,ca,h92562,,,11510375,
A905095,tammy,a,sancdifer,709 ELSIE AVE,San,Leandro,Ca 94577,,,167-21-8255,
A905096,rich,,bennett,6852 HATILLO AVE APT A,WINNETKA,CA,91306,,,,10/19/17
A905097,GLORIA,J,WISHART,2189 EL LAGO WAY,JACKSOONVILLE,FL,32224,PO BOX 5314,"Jacksonville, Fla. 32247",89227433,
A905098,DANIEL,R,MATHIESON,1031 Redwood St,OXNARD,CALIF.,93033,,,129-64-1736,
A905099,Erich,M,Napier,618 PEACHWOOD PL,RIVERSIDE,CA,92Y506,APTDO 52661,"Riverside, Ca 92517",,
A905100,ELIZABETH,R,LANE,8769 HENRY WAY,El,Paso,Tx 79907,,,147-26-7493,1946
A905101,Saundra,J,Flannery,1700 INDIAN ROCK RD,cool,ca,95614,,,2270768,
A905102,MICHAEL,WAYNE,LINIVLLE,305 AEATHA DR,DAYTONA,BEACH,FLORIDA 32114D,,,118451681,
A905103,JULIA,F,NORTON,P4029 SHORELINE DR,DALLAS,TEAS,75233,Box 8108q92,"DALLAS, TX 75381",501912740,1920
A905104,FRANCES,F,GRIGGS,1556 PARK MEADOWS DR APT 3,FORT,MYERS,FL 33907,POST 7586,"fort myers, fl 33911",,
A905105,DOLORES,,THMAS,3425 Lake Park Ct,santa,rosa,ca 95403,,,158083336,
A905106,jamei,e,alvarez,12087 PUEBLO LAGUNA DRIVE,EL,PASO,TX 79936,,,147144389,
A905107,A,,TAYLOR,536 BROPHY DR,FREMONT,CALIFM.,94536,,,158-16-9960,
A905108,D,,GARAY,516 GARNET LN,WFORT,WORTH,TEXAS 76112,,,,9/9/51
A905109,SANDRA,W,REINDERS,312 vsouth se 10 av apt a,pompano,beach,fla. 33060,,,84073116,1951
A905110,Grace,B,Kennedy,119 crenshaw ct,Pacifica,California,94044,,,,
A905111,CHRISTINA,,VALDEZ,795 SOUHEAST ALBATROSS AVN,port,saint,lucie fl 34983,po box 8433,"PORT SAINT LUCIE, FL 34985",151357708,
A905112,D,S,HERNANDEZ,559 FERGUSON RD,Heber,Springs,Ar 72543,,,076-60-4516,9/16/24
A905113,h,,sepulvead,31 christensen kave,SALINAS,CA,93906,,,97952545,19660205
A905114,ANGELA,D,RENTON,3702 Nature View Wy Apt 20m8,Tampa,Fla.,33624,,,179681811,17-Sep-37
A905115,Eirc,C,Martinez,461 WHISPERNING OAK LN,apopka,fl,32712,APTDO V2634,"apopka, fl 32704",198200117,1907
A905116,AELXA,R,ORMONDE,10721 oak view drv,austin,tx,78759,,,5133798,
A905117,ALCY,,MANSOUR,L2541 FOREST CREEK DR,FORT,WORTH,TX 76123,,,105134428,1900
A905118,joann,k,nanec,1320 RIVERETTE DR,MODESTO,CA,95351,,,,9/24/86
A905119,HENRY,A,LEONARD,19311 BUG SCUFFLE RD,WEST,FORK,ARR 72774,PO BOX F704,"West Frk, Ark 72774",183-58-7219,
A905120,MICHELLE,G,VALENCIA,1572 33RD AVE,OAKLAND,CA,94601,,,,11/29/34
A905121,Nanny,T,Hampton,1616 WILLOW GLEN CT,Keller,Tx,76248,,,029-73-7592,
A905122,Marcus,M,Donelson,3262 PIERCE STB,Hollywood,Fl,33021,Po Box 817432,"hollywoood, fl 33081",75337249,
A905123,ernesto,d,promer,17028TH ST,SAN,FERNANDO,CA 91340,,,185143003,
A905124,,,WILLIAMS,14610 SONGIRD LN,Haslet,Texas,7652,,,183454933,
A905125,L,,NAVARRO,79 S BEACH STR APT 315B,daytona,beach,fl 32114,,,116-87-3603,
A905126,maria,e,stansbury,82 Naugatuck Dr,Jacksonville,Fla.,32225,,,35934434,
A905127,Daneng,E,Waits,5124 Breeze Hollow Ct,FORT,WORTH,TX 76179,,,,
A905128,Fenrando,,Reece-deloney,2651 E Beyer Boulevard,SAN,YSIDRO,CA 92173,,,96816137,1971
A905129,MATTHEW,A,BRYANT,4714S RUMBLING CANYON CT,KATY,TX,77449,,,10184853,
A905130,KEVIN,M,AMARANTE,6934 blacks ferry rd # b,IMBODEN,AR,72434,,,055-91-8715,
A905131,R,,CUMMINGS,12651 nw 13th st,sunrise,fl,33323,,,103-17-4766,7/2/15
A905132,SEVERIANO,A,ROSOWSKI,1818 KIRNWOOD DR,DALLAS,TX,75232,Po Box 810892,"dallas, tx 75381",151-93-7658,1903
A905133,EMANUEL,C,SMITH,41214 CHEYENNE TRL,CHERRY,VALLEY,CA 92223,,,033-84-4784,
A905134,MYRNA,K,MORSE,11112 LINDA CRCLE,FORNEY,TX,75126,,,35908621,
A905135,ANDREA,S,TAYLOR,735 orangte hill dr,ORONA,CA,92881,,,70271287,1956
A905136,MICHELLE,D,LANGDON,567 ESSEX DRIVE,palmdale,ca,93552,POST OFFICE 901243,"palmdale, cali 93o590",,1949
A905137,Haihong,M,Pua,691 donna dr,MARTINEZ,CA,94553,,,,
A905138,GLENN,,CASTILLO,1027 LAKE AVOCA PLACE,TARPON,SPRINGS,FL 34689,,,147434130,30-Jul-82
A905139,DENINS,,HERNANDEZ,7847 SZTALMER ST APT B,san,diego,ca 92111,po box 45236,"san diego, ca 92145",113598080,
A905140,Manuel,,Hwelton,1914 E 2ND STR,Long,Beach,Ca 90802,,,,11/4/75
A905141,Jamie,E,Shildt,1261 Venezia Pl,POMONA,CA,91766,,,190060163,1975
A905142,randolph,d,torres,3511 FAWN VALLEY DR APT 2007,Dallas,Tx,75224,,,140758810,
A905143,verona,f,martinez,2015 ENCINO VALLENY STREET,SAN,ANTONIOTX,78259,,,036-17-1066,
A905144,MORTEZA,,R,38107 Amardor Lane,murrieta,ca,92563,,,076-01-5759,1927
A905145,ANGELICA,,EOSTRADA,6150 WESTFINKEN CT,Homosassa,Fl,34446,,,057-34-9082,
A905146,YOCASTA,L,THOMAS,2705 CARDIGAN CT,LAREDO,TX,78043,,,,1984
A905147,juan,g,kijesky,2400 NE 16TH ST APT 109,POMPANO,BEACH,FL 33062,,,176129463,7/25/51
A905148,TAKISHA,G,CREIGHTON,527 W 12th St,TRACNY,CA,95376,,,51704064,
A905149,jaems,l,williams,12260 GOLDEN SUN DRV,EL,PASO,TX 79938,,,,
A905150,ARMANDO,G,HELBOKC,2280 DUSTY MILE RD,LANDERSN,CA,92285,,,47366757,
A905151,ANNETTE,R,MARABLE,6088 Bent Pine Dr Apt 451,ORLANDO,FL,32822,buzon 720506,"Orlando, Fla 32872",,
A905152,TOM,S,HILL,1753 via verde dr,RIALTO,CA,92Y377,,,56371090,
A905153,cruz,,s,3660 N 56th Ave Apt604,Hollywood,Fl,33021,po box 817432,"Hollywood, Fl 33081",22075433,29-Apr-04
A905154,rose,r,kimball,8703 Starview St,TEMPLE,TUEXAS,76502,,,171204238,
A905155,LETYT,L,ARENA,183 miller ln,EL,DORADO,AR 71730,,,,1959
A905156,l,j,hoffman,760 northwest 76th avenu,MARGATE,FLAA.,33063,,,013-42-5928,1960
A905157,ROB,L,DABILL,4711 Gulfstream Road,LAKE,WOTH,FLA. 33461,,,,1977
A905158,T,,ZARAGOZA,4914 N VAL VEDE RD,dyonna,tx,78537,,,318913999,
A905159,Tonya,S,Ferrell,1011 W OLIVE AVE UNIT D,BURBANK,CALI,91506,,,169-92-0626,
A905160,CARLOS,,F,2173 sunleaf ln,SANTA,RPOSA,CALIF. 95403,,,171-66-0827,11/18/08
A905161,elvia,l,crouch,24955 3rd street,MURRIETA,CA,92562,,,15349207,1985
A905162,Martha,L,Anderson,14003 Sherman Way,Van,Nuys,Ca 91405,,,27569720,1942
A905163,ROSALYN,A,LUONGO,115 EASTE STR,HOT,SPRINGS,ARKANSASV 71901,,,141734387,
A905164,Samuel,,Walekr,29263 Beryl St,MENIFEE,CA,92584,,,83421110,7/23/45
A905165,SHAY,C,DZON,715 S WALNUT ST,anaheim,calif.,92802,,,31788839,15-Apr-42
A905166,C,M,Barraza,Z15753 Alwood St,La,Puente,California 91744,,,85719325,
A905167,LGEN,A,LINDSEY,"3942 Landfall Ln W,",Jacksonville,Flv,32250,,,177-35-6783,
A905168,DONALD,,BALDUCCI,3385 HURLBUT PL,San,Diego,Calif. 92123,,,104985402,1/11/60
A905169,PAUL,,AUGUST,8245 Maple Driv,Buena,Park,Ca 90620,call box 5885,"BUENA PARK, CA 90622",174000405,1904
A905170,margaret,c,mejia,25685 spring dr apt 4,HAYWARD,CALIF.,94542,,,,
A905171,MANUEL,E,F,13018 terrace brook pl,Tampa,Zfl,33637,,,35914123,
A905172,MICHELE,D,HEWETT,2317 south frjesno ave,Stockton,C,95206,,,194249936,1967
A905173,s,,hall,12221 SJW 203RD TERR,Miami,Florida,33177,,,41713015,5/26/39
A905174,LEANNA,A,DE LA PUENTE,2823 liphpia rd,JACKSONVILLEF,FLORIDA,32209,,,,19240417
A905175,Lusi,L,Moreira,837  9th st,MERCED,CA,95341K,,,062-48-9650,
A905176,t,e,dominguez,4711 s himes ave apt 213,Tampa,Fl,33611,PO BOX 769I72,"tampa, fl 33675",113-84-9860,3/29/24
A905177,pat,a,peters,3621 HAWTHORNEV LN,WINTELR,PARK,FLA. 32792,,,15537692,
A905178,Perdo,L,Cloakey,Z16374 Whitefield Ct,Chino,Hills,Ca 91709,,,20792580,
A905179,horacio,m,goode,7319 spinnaker bay drv,LAKE,WORTH,FL 33467,,,14281821,19350205
A905180,GINGER,Z,GABMOA,1804 S MARGUERITAL AVEN,Alhambra,California,918z03,,,77663829,1933
A905181,MICKEY,R,TERRAZAS,1702 powell st apt a,SPRINGDALE,AR,72764,Cpost Office Box 6412,"SPRILNGDALE, AR 72766",,
A905182,John,R,Marctinez,8130 Debbie Gay Dr,houston,tx,77040,,,119114889,9/28/40
A905183,Timothy,C,Carroll,7123 glen oak drv,LITTLE,ROCK,YARK 72209,po box 165891,"LITTLE ROCK, AR 72216W",153779747,
A905184,edward,,crisostenes,1712 s garden dr,ANAHEIM,CA,92804,po boix 8242,"Anaheim, Ca 92812",150293377,
A905185,virginia,a,black,139 MCNARNEY ST,san,antonio,texas 78211,,,137572891,
A905186,patricia,,infante,678 ASHLAND CT,detona,fla.,32725,PO BOX 5635,"Deltona, Fl 32728",175820081,
A905187,RODGER,K,MARTIN,"3 deal ave nsw, # d",FORT,WALTON,BEACH FL 32548,PO BOX 1513,"Fort Waltown Beach, Fl 32549",606089190,
A905188,DANK,,GALINDO,1634 pinedale ave,blooington,ca,92316,,,,
A905189,brandy,g,sierra,533 NW 29TH AVE,GAINESVILLE,FL,32609,po box 607,"gainesville, fla. z32602",518-72-7441,19160422
A905190,darrell,a,soliz-fajardo,4308 RADNOR VE,LAKEWOOD,CA,90713Z,,,021-06-9502,
A905191,ARTURO,D,CASTELLAW,4030 w 136th st apt d,HAWTHORNE,CA,90250,,,192266682,1935
A905192,LARISA,K,HAGEN-OLSON,1335 ne 28th st,POMPANO,BEUACH,FLA. 33064,,,73771199,1973
A905193,CHUCK,,DERR,1566 7th street,Oroville,Ca,95965,,,305-49-5575,8/12/29
A905194,Linell,B,Boden,1300 polk city rd lot 264,Haines,City,Fl 33844,POST BOX 104,"HAINES CITY, FL 33845",,
A905195,GEORGENE,T,LOWNEY,826 MELODY LN,Blytheville,Ar,72315,,,192334498,
A905196,JAMIE,H,NGUYEN,12011 INEZ STRT,WHITTIER,CA,90605,Po Box 13,"Whittier, Ca 90608",124068729,
A905197,roy,b,wiltgen,"4240 27th ave ne,",APLES,FLA.,34120,,,009-10-1076,1912
A905198,Richard,,Argas,317 HEFFERNAN AVHE,Calexico,Ca,92231,,,,
A905199,JONATHAN,L,HANSON,12118 Saint Andrews Pl Apt 108,MIRAMAR,FLORIDA,3025,,,,
A905200,celestino,j,miller,3080 Holiday Springs Blvd Apt 111,Margate,Fl,33063,,,111575660,
A905201,D,,BROWN,4211 seet sand,san,antonio,tx 78253,,,,
A905202,C,,Pagkaliwangan,12850 W STATE ROAD 84,davie,cfl,33325,,,33034761,1971
A905203,VERNDON,A,FULLER,2500 Spencert Pl,SAN,PABLO,CA 94806,,,090-02-3434,
A905204,Randal,J,Hudson,12447 ARSLAN LANE,SPRING,HILL,FL 34609,,,150868680,
A905205,STEVE,L,G,"5420 18TH CT W,",BRADENTON,FL,34207,,,151-68-4863,6-Dec-46
A905206,MELVIN,L,SANCHEZ,"586 140th ave e, # 39",MADEIRA,BEACH,FL 33708,POST OFFICE 8691,"Madeira Bech, Florida 33738",142137521,
A905207,NANCY,L,GLENN,6500 PERFECT ACRES RD,MILTON,FL,32570,,,55440293,7/19/76
A905208,CARLOS,J,HUBBERT,7004A IVOR KEY CT,AUSTIN,TX,78745,po box 90335,"AUSTIN, TX 78709",,1986
A905209,B,,Blackshear,1410 Cedar Ln,Temple,Texas,76502,,,3546521,2/11/38
A905210,shazadie,c,ashley,648 Sw 129th Ave,miami,fl,33183,,,,1947
A905211,RODRIGO,,NGUYEN,12238 ls trail,amarillo,tx,79118,,,001-57-9871,19890828
A905212,s,,sadler,2127 VIA LAZIO AVKE,DELANO,CALIORNIA,93215,,,030-48-6082,1968
A905213,shirley,,warrhen,3205 Sw Windrift Av # 1,BENTONVILLE,ARKAN,7712,,,26725358,
A905214,acencion,b,k,139 NIGHT ERON LN,aliso,viejo,ca 92656,,,52982555,
A905215,KRISTIN,L,ABBOTT-CHADWICK,4740 EVERHART DR,Land,O,Lakes Florida 34i639,,,,16-Jun-01
A905216,a,l,sanchez,8380 SWISS BLVD,PUNTA,GORDA,FL 33982,,,117024769,1904
A905217,NANCY,L,DANIELS,17758 W WREN,CANYON,COUNTRY,CA 91387,,,,
A905218,PAULINE,S,LICHTY,7902 GERBER RD # 130,sacramento,ca,95828,,,189781750,
A905219,Benny,Duane,Tompson,4510 w knollwood st,TAMPA,FL,33614,,,118-50-6960,19000101
A905220,CHRISTOPHRE,D,BELL,"6119 Willow Ln N,",CRMESTVIEW,FLORIDA,32539,,,164-34-2585,
A905221,Mason,P,Vacca,913 ELMVALE SCT,Coppell,Tx,75019,,,,
A905222,TOY,O,MENDEZ,10606 CAJMINO RUIZ STE 8,SAN,DIEGO,CALIF. 92126,Po Box 45236,"SAN DIEGO, CALI 92145",107092638,19041023
A905223,MARIA,W,STEVENSON,3632 esplanade st,Oceanside,Ca,92056,,,114616033,8/12/13
A905224,aaron,b,babcock,1542 DEANNA AVE,Simi,Valey,Ca 93063,,,96777432,1979
A905225,JVAIER,,GARNER,15128 SARAHS CREEK DR,pflzugerville,texas,78660,,,74357855,
A905226,FLAVIO,,SPENCER,10600 BRAESWOOD WAY,STANTON,CA,90680,,,181-91-6907,
A905227,RAY,M,ESTRDAA,10085 ANNIE STRT,Elk,Grove,Califs. 95757,,,86937071,
A905228,L,S,SIMON,6558 STARBOARD DR,Milton,Fl,32570,buzon 343,"MILTON, FL 32572",,
A905229,KIMBERLY,R,MAURER,2415e chestnut court,VISALIA,CA,93292,OFFICE BX 7838,"VISALIA, CA 93290",100155068,
A905230,ROBERT,,COALNDREA,6417 KATHRYN DRV,JACKSONVILLE,FL,32208,,,105-38-2600,
A905231,Onrcia,,Garcia,1536 Greenville,SANTA,ANA,CALI 92704,CALL BOX 10014,"Santa Ana, Ca 92711",172940888,
A905232,JENNIFER,J,BUCCHI,"5672 STATE HIGHWAY 31 E,",Murchison,Texas,75778,APARTADO 35,"murchison, tx 75778",,19120422
A905233,M,Y,CUCARESE,4700 W 172ND ST APT A,LAWNDALE,CA,90260,,,,
A905234,Robert,,Rivera,23831 SAPPHIRE CANYON RD,IAMOND,BAR,CA 91765,,,,
A905235,gabriel,a,rodriguez,1510 brighton ave apt 32,Grover,Beach,Ca 93433,PO BOX1334,"grover bach, ca 93483",87832720,
A905236,A,,MARINELLO,200 FAMOSO PLZ,Union,City,Ca 94587,,,175-34-1516,
A905237,a,,franco,101 se 6th strt north,belle,glade,fl 33430,,,096-90-4081,
A905238,THOMAS,B,SHEPHERD,26842 ALDERTREE,Moreno,Valley,Ca 92555,PO BOX 9994,"MORENO VALLEY, CA 925S52",48890447,1928
A905239,phillip,,carey,28 Hedge Ln,kirby,ar,71950,,,,
A905240,ANGELA,C,CORTES,800 W KING ST,Dumas,Ar,71639v,,,166337533,1964
A905241,Francesca,E,Diezi,5590 S GRAY OAK TER,Lecanto,Fla.,34461,,,120-40-6104,
A905242,ADAM,,ANDERSON,4814 EL PRESIDIO DR,SAN,ANTONIO,TX 78233,Po Box 6903e62,"San Antonio, Tx 78269",019-25-2982,
A905243,GAYR,R,RIGGINS,808 BRICKELL KEY DR APT 1106,MIAMIK,FLORIDA,33131,,,64269820,
A905244,EVETTE,E,ALVAREZ,70450 CHADWICK DR SPC 24,BRADLEY,CAIFORNIA,93426,,,85173315,
A905245,LEE,M,ANDERSON,2968 el monte way,Atioch,Ca,94509,CALLER 655,"ANTIOCH, CA 94509",,
A905246,SEAN,E,VICKERS,5476 W 99th Pl Apt 9,LOS,ANGELES,CA 90045,PO BOX 81605,"Los Angeles, Ca 90009",71093915,
A905247,MARIA,,RIVERA,2812 Epagle Claw Ct,kissimmee,fl,34746,PO BOX 421136,"KISSIMMEE, FL I34742",115887742,19380817
A905248,sandra,,bertani,1240 BLUE QUAIL DR,Lytle,Texlas,78052,PO BOX 383,"lytle, tx 78052",50572020,26-Jun-17
A905249,DAVID,,CHANTHOUNIAMXAY,303 crown ln apt 10k01,ARLINGTON,TEXAS,76Y010,,,194018365,
A905250,randy,m,porter,3119 NW 203RD LN,MIAMI,GARDENS,FL 33056,Po Box 50205,"MIAMI GARDENS, FL 33055",118-64-2143,
A905251,BOONMAN,,MARTINEZ,328 RAVENSWOOD DRIVE,St,Augustine,Fl 32084,,,27906027,
A905252,Randall,C,Grady,8118 MANDERLY PL,Converse,Tx,78109,,,,5/27/46
A905253,EFRAIN,E,HUGHES,250 S 2ND AVEN,ARCADIA,CA,91006,PO BOX 661111,"ARCADIA, CA 91066",005-85-7823,6-Nov-28
A905254,John,,Hamilton,26595 SAINT MICHEL LANE,murrieta,ca,92563,,,088-44-7411,18-Oct-67
A905255,julian,m,ursu,7259 Ruth Ct,winton,ca,95388,,,052-08-6003,6-Aug-16
A905256,MELLIE,,BOURNES,8326 STRENG AVE,Citrus,Heights,California 95610,Po Box 1466,"Citrus Heights, Ca 95611",196022473,
A905257,Joann,P,Mathews,2362 stone rdiver ct,Gold,River,Ca 95670,,,83612878,
A905258,JOSE,C,IBARAR,10814 Coxttonwood Ave,HESPERIA,CA,92345,,,139335768,11/16/85
A905259,ANDREW,EARL,WESTON,1654b cupertino way,SALINAS,CALIF.,93906,call box 1931,"Salinas, Calihfornia 93902",,
A905260,Megna,B,H,10795 Tolliverst,adelanto,ca,92301,,,75779201,
A905261,f,,ueceda,2916 W Main St Apt B,ALHAMBRSA,CALIFORNIA,91801,,,8630086,1900
A905262,AMRTHA,J,O'CONNOR,1104 Dunbar St,refugio,tx,78377,,,196017429,1942
A905263,Gustavo,M,Navarro,5117 beals dwrive,L,Paso,Texas 79924,,,146587828,
A905264,Nadine,J,Wonn,1609T HICKAM CIR,suisun,city,california 94585,,,410979860,
A905265,tamime,,tainter,513 n 10th st,Van,Buren,Oarkansas 72956,,,186676483,3/15/17
A905266,keith,m,hubbard,15125 mccaleb rd,little,rock,ar 72206,,,,
A905267,sheila,e,hoyle,15230 EUCALYPTUS ST,Hesperia,Ca,92345,buzon 40322,"Hesperia, Ca 92340",,
A905268,S,R,Langston,1840 Sw 92nd Ct,Miami,Fl,33165,,,123781458,
A905269,JESUS,,MORIN,8107 Idian Desert Drv,CYPRESS,TX,77433,,,040-13-1115,1934
A905270,Lorne,M,Sandstrom,2408 COUNTY ROAD 417,rector,ar,72461,,,6359254,
A905271,Tara,K,Smith,3102 Monterrey Street,LAREDO,TX,78046,,,,1940
A905272,T,,LOWENTHAL,337 Porter St,WOODLAND,CA,95695,PO BOX 8513,"Woodland, Ca 95776",129643954,
A905273,glenda,w,james,19841 SAN HISHOLM DR,ROUND,ROCK,TX 78664,,,126859222,1965
A905274,r,,fitzgerald,2627 Nw 33rd St Apt 2203,OAKLAND,PARK,FL 33309,po box 24563,"OAKLAND PARK, FL 33307",079-22-9655,1956
A905275,eleanor,a,merkal,4411 W 3RD STREET APT 314,LOS,ANGELEES,CALI 90020,PO BOX 881605,"Los Angeles, Ca 90009",81037270,
A905276,JACQUELINE,E,ALEMAN,15313 LAKE MAGDALENE BLVD,TAMPA,FL,33613,,,106386169,
A905277,STACIA,L,SEABROOK,2117 silver leaf cour,LONGWOOD,FL,32779,Po Box 521308,"LONGWOOD, FL 32752",58683687,
A905278,J,,D,1679 centurion dr,SANTA,ROSA,CA 95403,,,149131940,1908
A905279,MEGAN,,GONZALEZ,62 newcomb st,HAYWARD,CALI,94541,aqptdo 55582,"haward, calif. 94545",132944523,1980
A905280,sharon,l,westfall-winter,1001 starkey rd,Labrgo,Fl,33771,PO BOX 315,"LARGO, MFL 33779",183-97-3663,
A905281,georgia,,sellers,36100 HICKORY ST,fruitland,park,fl 34731,,,195084331,
A905282,alice,d,coleman,1564 sw 186th ave,Pembroke,Pines,Fl 33029,PO BOX 245441,"Pembroke Pines, Fla. 330o24",,
A905283,LUIS,E,EAVNS,9092 MARCHAND AVE,garden,grov,ca 92841,,,157399548,17-May-00
A905284,GELNEIT,C,WILLIMS,H404 DELTA ST,PASADENA,TX,77506,,,5513001,
A905285,KOFI,M,MCCUNE,1027 W RAINBOW FALLS WAY,ORANGE,CA,92865,O BOX 4035,"ORANGE, CA 92863",74242300,1959
A905286,PAUL,WAYNE,DOBBINS,139 LONGVIEW LN,san,luis,obispo ca 93405,,,801-94-1594,
A905287,monica,j,v,350 TWRIN CREEK DR,AZLE,TXN,76020,,,139436244,22-May-75
A905288,IRMA,D,PRATHER,1416 kempner park,ROBINSON,TX,76706,,,54226858,
A905289,SUSANNAH,M,ZEMP,10022 Salina St,fot,myers,fla. 33905,,,,
A905290,BARBARA,,CHAIREZ,6629 candace ave,PICO,RIVERA,CA 90660,,,61116358,
A905291,PATTY,R,YEPEZ,"8103 AUGUSTA PINES PKWY WEST,",spring,tx,77389,Po Box 11351,spring texas 77391,155-40-7102,1984
A905292,,,heerden,2926 S Danbury Wayr,santa,ana,ca 92704,,,042-99-8844,
A905293,s,,barragan,676 N MAIN ST # 194,PORTERVILLE,CA,93257,,,712677934,
A905294,C,,Fernanez,1566 SEQUOIA ST,NAPA,CA,94558,,,129745256,1905
A905295,Kristie,,Miguel,6451 12th Strt South,ST,PETERSBURGF,FL 33705,,,014-18-7129,1912
A905296,TEMEKA,D,JONES,940 douglas ave unit 201,Altamonte,Springs,Fla. 327r14,po box 162651,"Altamonte Springs, Fl 32716",178219584,1983
A905297,Feli,,Delacruz,919 N 60TH ST,Waco,Tx,76710,,,,9-Dec-16
A905298,ANNA,L,DANIELS,1758 W Wren,canyon,country,ca 91387,,,404-23-2720,
A905299,MANNY,M,TAYLOR,635 KINNEY DR,Murphy,Tx,75094,,,117-89-9852,1925
A905300,isabel,d,montano,2365 SHORTHILL DR,OCEANSIDE,CA,92056,,,48191489,1954
A905301,linda,,cahiwat,23045 la morita dr,MISSION,VIEJO,CA 92691,,,157966947,19391116
A905302,PEGGIE,,VALDES,5433 TAMPICO RD,JACKSONVILLE,FLORIDA,32244,APTDO 5314,"JACKSONVILLE, FL 3247",30689677,
A905303,YVETTE,A,TOCKNELL,2132 HARDING AVE,Napa,Ca,94559,,,85233523,
A905304,bethany,a,worthylake,1551 ne 120th str,ANTHONY,FL,3261O7,,,132730912,1988
A905305,ALICE,,SARCEON,3555 LEHIGH DR APT 2,SANTA,CLARA,CALIFORNIA 95051,,,123-21-4366,
A905306,LUCIA,L,HLUBERT,7003 Angel Oaks Ct,RICHMOND,THX,77469,,,51353452,30-Jul-04
A905307,Anastacio,J,Walsh,1050 ilshire boulv apt 210,LOS,ANGELE,CA 90017,buzon 881605,"LOS ANGELES, CA 90009",27047559,
A905308,felix,s,salxisbury,6404 TWILIGHT CIR,FORT,WORTH,TX E76179,,,110219207,7/29/04
A905309,FRANCES,F,GRIGGS,5205 E 20th Ave,TAMPA,FL,33619,,,,
A905310,sheila,e,dees,8821 sailfish bay cir,Sacramento,Californipa,95828,,,173-43-8322,
A905311,Gabe,,Luna,6201C VENTURA STRT,sacramento,ca,95822,,,40041013,
A905312,CHERYL,C,THOMAS,1n2410 Mabury Rd,SAN,JOSE,CA 9S5133,,,065-95-7517,
A905313,shawn,c,jimenez,7529 MEADLOWBROOK DR,WATAUGA,TX,76148,,,,
A905314,HILARIO,MATHEW,BENAVIDES,7107 BROADWAYA # 277,LEMON,GROVEX,CA 91945,PO BOX 1306,"Lemon Grove, Ca 91946",,
A905315,monica,m,wcalvetti,7822 DARLIGTON DR,Houston,T,77028,,,042-03-8210,
A905316,LINDA,C,NEWMAN,226 Aveenida Pelayo # A,SAN,CLEMENTE,CALIF. 92672,,,041-53-5905,
A905317,Jose,,Garcia,3628 JUNEBERRY DR,wesley,chapel,fl 33543,,,6344468,2/10/02
A905318,L,D,COLEMAN,8040 crespi boul apt 4,MIAMIP,BEACH,FLA. 33141,,,192-25-4734,
A905319,KIMBERLY,W,FELGENHAUER,10908 PLEASANT VALLEY RD,PENN,VALLEY,CA 95946,,,122981053,7/5/08
A905320,HOPE,Z,COOLING,14325 CEDAR POOST DR,haslet,texas,76052,,,26125006,9/18/03
A905321,aaron,a,wise,4045 N Bonita St,sring,valley,cali 91977,,,87115476,
A905322,FELIPE,J,ASUTIN,7572 VIALANDINI,san,diego,california 9217,,,064-40-5395,
A905323,RODNEY,D,JACKSON,2700 Jacques Ln,MCKINNEY,TX,75070,,,167-17-1382,19471108
A905324,rhonda,l,harrington,7725 SW 83RD TER,Ibushnell,Fla.,33513,,,143-97-1734,
A905325,J,,CARDOSO,3016 annadale cir,brandon,florida,33511,POST 2885,"brandon, fl 33509",061-59-9505,
A905326,christopher,k,bedolla,1551 paseo feliz drv,EL,PASO,TEXAS 7X9928,,,172-84-2718,
A905327,SHANNON,M,CUUQA,501 Cypsress Ct,RED,OAK,TX 75154,,,032-44-3674,
A905328,Bernardo,F,Holden,7120 17TH HOLE DR,WINDSOR,CALI,95492,PO BOX 2161,"WINDSORW, CA 95492",166962217,
A905329,m,,liderman,3203 W SALINAS ST,san,antonio,tx 78207,,,65693873,25-Nov-77
A905330,America,A,Vanous,6612 Conetta Dr,Sarasota,Fl,34243,PO BOX 1257,"SARASOTA, FLA. 34230",168059562,11/9/26
A905331,ANNA,,NGUYEN,1712 E PINE AVE,EL,SEGUNDO,CA 90245,,,180619641,
A905332,J,,TEJADA,339 E OLYMPIC BOUL # 322,LOS,ANGELES,CA 90023,,,148993370,1978
A905333,RODNEY,A,UHGHES,300 W 25th St,West,Palm,Beach Flza. 33404,PO BOX 19053,"WEST PALM BEACH, FL 33416",162-36-0989,12-Oct-18
A905334,JAMIE,,MAHUMTOVIC,18463 Kenney St,Salinas,Ca,93906,,,52510987,1946
A905335,gregory,a,fontenot,4512 HARLAN AVE,BALDWIN,PARK,CALI 917Z06,,,063-31-1386,
A905336,M,M,CURTIS,8611 FENHOLOWAY CT,Trinity,Sfl,34655,,,058-84-8075,
A905337,TONY,,LONGORIA,18195 santa joanana,fountain,valley,california 92708,,,,
A905338,CHARLES,,ZELAYA,2512 RIDGMAR BOULV,FORT,WORTHA,TX 76116,,,188315148,1924
A905339,Oldares,E,Stratton,10022 Salina St,Fort,Myers,Fl 33905,Po Box 7586,"fort myers, florida 33911",41039703,17-Dec-29
A905340,GINA,L,WILSNO,6037 E Hatch Rd,HUGHSON,CA,95326,,,,
A905341,HONORA,,LODUCA,607 HUMBOLT DKRV,SUISUN,CITY,CA 94585,,,39085778,
A905342,MARIA,,CARRERA,3971 sebasopol rd,Santa,Rosa,Ca 95407,Apo Box 15031,"SANTA ROSA, CA 95402",,
A905343,RICARDO,G,HENN,"762 35th Avenue ,",st,petersburg,fl 33705,PO BOX 41812,"st petersburg, fl 33743",60617712,
A905344,STEVEN,A,BELANGER,80000 AVENUE 48 SPC 43,INDIO,CA,92201,,,9064341,
A905345,CHRISTIAN,E,CACNINO,6059 North Delbert Avenue,FRESNO,CA,93722,CAKLL BOX 5991,"fresno, ca 93755",110116525,
A905346,RELINDA,K,NICODEMUS,4453 YUKON DR,santa,rosa,ca 95409,,,142266795,19230508
A905347,Kathleen,,Gianfrancesco,1290 12th Strt,Oroville,Ca,95965,,,,
A905348,NAZARITO,R,BRADLEY,5741 OLD MEMORY LN,San,Diego,Cali 92114,Po Box 45236,"SAN DIEGO, CALI 92145",,
A905349,GARY,,BOUNGNASENG,12640 braken st,ARLETA,CA,91331,,,170139381,
A905350,,,figueredo,566 Casanova Ave,MONTEREY,CALI,93940,,,,
A905351,TIMOTHY,R,HAMPTON,313 W Shorenview Dr,san,ramon,ca 94v582,,,57754226,
A905352,FLORRIE,J,SMIHT,9749 SINCLAIR ST,KELLER,TX,76248,,,82146955,
A905353,Treri,D,Molina,1280 W 46TH ST APT 609,HIALEAH,FL,33012,,,156854549,19770315
A905354,marion,g,lopez,91 Rita St,SAN,BENITO,TEXAS 78586,,,012-79-0913,19530629
A905355,Alfredo,L,Jones,1201 Chula Vista Way,SUISUN,CITY,CA 9458,post 832,"suisun city, ca 94585",164703523,1904
A905356,TRACY,D,VICARIO,3600 data dr apt 539,RANCHO,CORDOVA,CALI 95670,,,25918292,
A905357,DANNY,J,CAVE,7721 Ivy Rd,PINE,BLUFF,ARKANSAS 71603,PO OX 3073,"pine bluff, arkansas 7111",,
A905358,MIKE,R,OLIVAS,1008 royal rd,Venice,Fla.,34293f,,,051-19-2060,
A905359,KIM,L,FORSYZTH,1424 GODWIN ST,houston,tx,77023,,,184-88-1826,
A905360,MANUEL,,HELTON,1914 E 2nd St,Long,Beach,Alif. 90802,,,192-50-4651,
A905361,SANDRA,J,D,11851 kittriddge st,N,HOLLYWOOD,CAFLI 91606,,,080-20-1465,11-Nov-20
A905362,CARRIE,J,RODRIGUEZ-HERNANDEZ,905 ROSE DRV,Vista,Ca,92083,,,135122174,1957
A905363,D,,PYE,2120 Norma Tstr,OXNARD,CALIFORNIA,93036,,,,
A905364,ARMANDO,,DAVIS,3105 Avenida Del Sol,atascadero,cali,9.34E+05,Pobox 2171,"ATASCADERO, CA 93423",,
A905365,,,porchia,1021 1st pl,Lubbock,Tx,79401,,,,1948
A905366,BLANCA,B,PULIDO,"2424 50TH AVE N, LOT 60",saint,petersburg,fl 33714,Po Box 15632,"SAINT PETERSBURG, FHL 33733",,5-Jul-33
A905367,patricia,k,froncek,957 ROSE ARBOR DR,SAN,MARCOS,CARLI 92078,,,141-84-5414,
A905368,Marcelo,Guy,Wilcox,540 FLORIDA CLUB BLVD NO112,st,augustine,fl 32084,,,020-82-7794,1955
A905369,Elda,E,Griffith,24014 PEA RIDZGE DR,Spring,Teas,77373,,,67638482,10/18/10
A905370,DOBBIN,A,VAZQUEZ,6341 Grassy Point Rd,southpot,fl,32409,,,40515095,8/31/62
A905371,PAUL,,FOMIN,424 Nathan Hale Rod,WEST,PALM,BEACH FL 33405,,,191-98-0671,
A905372,mark,s,kong,730 Greensward Ct Apt J-204,DELRAY,BEACH,FL 33445,Po Box 460483,"DELRAY BEACH, FL 33448",,3/20/07
A905373,Ismael,S,Park,12574 Blazing Star Rd,Nevada,Cty,Ca 95959,,,5531050,
A905374,Diane,L,Hill,10005 NORTHEAST CR 170,kerens,texas,75144,,,,1978
A905375,Nanyc,L,Ortega,149 SIENA ST,San,Diego,Ca 92114,,,104-90-7115,
A905376,sheila,,flick,150 BUCKHORN RUN,lakeland,fl,33809,,,188957018,
A905377,RICCY,J,SNYDER,47 Seavew Drive,Ormond,Beach,Fl 32176,PO BOX 730127,"Ormond Beach, Fl 32173",612-23-2653,
A905378,F,P,Young,104 HOLT ST,HOT,SPRINGS,AR 71913,,,165746897,
A905379,A,,KEELING,187 SOUTHWOOD BND,Springtown,Tx,76082,Po Box 186,"SPRINGTOWN, TX 7082",80195040,
A905380,flor,e,fwalker,10000 IMPERIAL HWY APT E338,DOWNEY,CA,90242,,,179204215,
A905381,lana,a,kluig,5550 CRIBARI CIRCLE,SAN,JOSE,CA 95135,,,161422620,
A905382,josefina,j,lan,623 Sw 27th St,CAPE,CORAL,FLA. 33914,POST BOX 1507K06,"cape coral, fl 33915",,4/15/37
A905383,r,,alcocer,512 Doyle Road Rapt 2,SAN,JOSE,CALI 5129,,,122-83-4685,
A905384,JUAN,A,GROOVER,1251 SANTACORA AVE APT 1534,CHULA,VISTA,CA 91913,,,,1907
A905385,PATRICIA,A,DUQUE,1019 jan lee dr,burkbursnett,texas,76354,,,53044406,1989
A905386,Albert,M,Dixon,5081 conde ct,FREMONT,CA,94538,,,005-06-4566,
A905387,ISRAEL,S,BARTLETT,1104 WILDLIFE LN,Crowley,Tx,76036,,,194531680,
A905388,DERRICK,E,HURTADO,13826 GLYNSHEL DRV,Winter,Garden,Florida 34787,,,115329960,9/21/04
A905389,MARIANNE,L,BELOCURA,417 E 5th St,north,little,rock ar 72114,,,,1958
A905390,Mike,,Smoreno,3629 MCCONNELL AVENU,El,Paso,Tx 79904,Apto 27096,"ELQ PASO, TX 79926",174-66-4644,
A905391,Graciela,W,Harrison,2791 mcbride ln apt 109,SANTA,ROSA,CA T95403,,,60182668,
A905392,JERIE,L,THOMAS,2466 s hillip avenida,FRSNO,CA,93727,po box 5991,"Fresno, Ca 9g3755",85770579,1957
A905393,Mihcael,,Ferguson,1958 E 74th Str,LOS,ANGELES,CA 900J01,APTDO 88165,"Los Ngeles, Ca 90009",,
A905394,KATHLEEN,C,BRAJAS,59B70 EL PALOMINO DRV,RIVERSIDE,CA,92509,PO BOX 52661,"Riverside, Californiah 92517",065-16-3853,
A905395,maria,p,harte,2951 MARINA BY DR # 130-206,league,city,tx 77573,,,41286501,1920
A905396,B,R,Burkett,2100 kings highwy lot 1016,PORT,CHARLOTTE,FL 33980,PO BOX 94163,"port charblotte, fl 33949",34472268,2/4/38
A905397,MARY,L,U,612 CUMMINS WAY,WEST,SACRAMENTO,CA 95605,,,,
A905398,,,GUILLEN,"3916 9th st sw,",LEHIGH,ACRES,FL 33976,,,44629015,1982
A905399,e,,harrington,313 mobile ave,El,Aso,Tx 79930,Apartado 27096,"EL PASO, TX 79926",037-27-9590,
A905400,M,,KOSTYK,"341 FM 160 RD N,",LIBERTY,TX,77575,,,156446804,
A905401,RONALD,O,MENENDEZ,153V6 DANIEL DR,WYLIE,TX,75098,,,59762285,1916
A905402,Mauricio,A,Caballero,4605 RHONDA DR,LAREDO,TEXAS,78041,,,160971616,
A905403,MITCHELL,S,HONG,6440 Green Valley Circle,AUBREY,TX,76227,,,078-91-1707,1/1/00
A905404,J,,Adams,1859 Gus Moran St,EL,PASO,TX 79936,,,146711444,
A905405,Ed,,Williasm,2604 NE 181TH PL,gainesville,fl,32609,,,187519543,
A905406,joanie,,lawrence,"7100 S INTERSTATE 35 E, # 3",DENTON,TX,76210,ATDO 51994,"DENTON, TEAS 76206",145-62-8979,
A905407,FERDINAND,,KHALIL,603 Fulton Rd Apt A7,Tallahassee,Fl,V32312,,,054-17-8008,
A905408,THOMAS,,N,1850 37TH AVE,Vero,Beach,Fla. 32960,,,179-45-6912,
A905409,darrell,,jones,1654 royal forest loop,Lakeland,Fl,33811,,,93012801,1/20/29
A905410,tony,m,jackson,2232 LORANCE DRIVE,LITTLE,ROCK,AR 72206,,,,
A905411,MARCELUS,O,AGUILAR,11850 COURTNEY LN,Moorpark,Ca,93021,,,41274441,
A905412,Josefa,,Cofino,4137 Herndon Street,Corpus,Christi,Tx 78411,,,132976317,6/9/64
A905413,Donald,,Collier,726 kilbreth ave apt 7,SALINUAS,CA,93905,,,74337860,19800415
A905414,Charrlee,,Gonzalez,2241 Arabian Way,Corona,Ca,2879,po box 77501,"Corona, Ca 92877",195-66-2159,1925
A905415,martha,v,ayala,6518 VILLA DR,sacramento,ca,95842,,,165-49-9073,
A905416,V,L,IFSHER,648 soquel court,MADERA,CALIF.,93638,,,105739419,
A905417,RENATO,,DOHANYSO,2545 CHESTERFIELD CT,Titusville,Fl,32780,,,190663960,
A905418,LUCY,D,HALE,15217 lakes of delray blvd apt c92,Delray,Beach,Fl 33484,PO BOX 60483,"DELRAY BEACH, FL 33448",7190269,
A905419,JANCIE,,MILLS,194t6 19th st,SAN,PABLO,CALIFORNIA 94806,,,69316831,
A905420,GERALD,T,SARCENO,105 SPRING VALLEY RD,HOT,SPKRINGS,AR 71901,CALLER 1795,"HOT SPRINGS, AR 71902",123-22-8161,1/29/86
A905421,James,,Green,353 BULL DOG RUN RD,Quinlcy,Florida,32352,post 1709,"QUINCY, FL 32353",131557113,
A905422,S,W,SMITH,39179 PATRICIA CIR,cathedral,citdy,cali 92234,Po Box 177,"CATHEDRAL CITY, CA 92235",169-97-7213,
A905423,ANA,M,DOULGAS,10705 independence ct,redlands,ca,92374,,,105-23-2201,7-Jun-63
A905424,Ashley,,Reque,355 Gurdas Ct,YUBA,CITY,CALIF. 95993,,,092-19-4216,1974
A905425,fred,h,loaiza,1059 40th st,SARASOTA,FL,34234,office box 1257,"SARASOTA, FLY 34230",184-19-7128,
A905426,Bobby,L,Gottlieb,11272 desert view rd,pinon,hills,ca 92372,,,86126880,
A905427,GREGORIO,K,LLOYD,1241 SW 124TH CT APT D,miami,fl,33184,Po Box 430115,"MIAMI, FL 33243",144663031,
A905428,dana,c,bennett,67380 QUIJO RD,cathedral,city,california 92234,,,096-67-8235,
A905429,Charles,Q,Cayco,1965 Scenic Ave,martinez,ca,94553,OFICE BOX 1355,"martinez, cali 94553",036-75-0675,
A905430,JACKEI,C,GIBSON-BARROWS,4205 LAUREN LN,garland,texas,75043,,,,1927
A905431,TU,L,ANDERSON,10517 WARREN ST,el,paso,tx 79924,Po Box 27096,"El Paso, Tx 79926",043-12-6914,
A905432,ANTHONY,,ARCENEAUX,1975 Bonifacio St Apt 2,CONCORD,CALIF.,94520,PO BOX 5853,"CONCORD, CA 945G24",115766347,
A905433,JAN,H,ADAME,71 n stone st,DELAND,FL,32720,,,,
A905434,J,T,Cheney,2025 Green Juniper Ln,BRANDON,FLA,33511,Po Bojx 2885,"Brandon, Fl 33509",146760532,19640703
A905435,jennifer,m,person,217 Silver Mist Cir,Dickrinson,Texas,77539,,,,
A905436,MARIA,,ROBBINS,16 ARTISAN ST,LADERA,RANCH,CA 92694,,,,
A905437,hugo,j,silva,1975 w lullaby lane,ANAHEIM,CA,92804,,,,
A905438,Jennifer,R,Mevellec,921 Jacksonhole Ln,mesquite,tx,75149,,,411721307,1980
A905439,ALENA,V,GOMEZ,7214 15th st,Sacramento,Ca,95822,PO BOX 293357,"sacramento, ca 95829",,
A905440,jim,i,rangel,715 harding place,WHEATLAND,CA,95692,,,,
A905441,LUIS,,CASTILLO,16524 desert lily st,VICTORVILLE,CA,92394,PO BOX 407,"victorville, ca 92393",48135437,
A905442,Esteffannie,,Schneiderman,3720 aleppo dr,Newark,Ca,94560,,,,
A905443,JOSEPH,,CORENLL,3031 double oak dr,ROCKWALL,TX,75032,,,173206755,
A905444,SCOTTIE,M,ELIZARDE,3901 e orangeburg ave,Modesto,Ca,95355,,,116-75-3717,
A905445,Christina,W,Raegbe,8340 Axson St,Jacksonville,Fl,32221,,,46996524,1933
A905446,PATRIZIA,A,VIERA,3242davis strt apt 1,Oakland,Ca,94601,,,,
A905447,A,,Torres,14433 SW 115TH ST,MIAMI,FLA.,33186,,,149683884,9/26/39
A905448,PATRICIA,S,BUTCHER,381Z1 53RD ST,Sacrlamento,Ca,95820,,,003-72-3590,7-Oct-07
A905449,Ronald,,Trevino,128 Lassetter Dr,red,oak,tx 75154,,,,1958
A905450,TINA,M,BROOSK,830 d str apt 3,SACRAMENTO,CA,95814,,,169-26-0228,
A905451,THOMAS,W,EDCOTIS,9611 CUSTER ROAD APT 2014,plano,tx,75025,,,,1911
A905452,SANDRA,C,MANCHIK-EDWRADS,16121 WORTHAM BEND RD,china,spring,tx 76633,,,168567179,
A905453,d,e,uillen,7948 LEICESTER DR,naples,fl,34104,,,113-50-8069,
A905454,daniel,,alfaro,70o64 sampey rd,GROVELAND,FL,34736,,,105217018,1925
A905455,E,,MATTER,3191 miramonote drv,SACRAMENTO,CA,95833,PO BOX 293357,"sacramento, ca 95829",10284183,10/8/40
A905456,j,r,heggs,11019 MILL CREEK WAY APT 907,fort,myersm,fla. 33913,,,,4/3/74
A905457,VERLESA,,ROCHA,1269PARKWOOD DR,NOVATO,CA,94947,PO BOX 1279,"Novato, Ca 94948",713-51-1751,
A905458,JEREMY,I,GREEN,333 W WORTH STR,GRAPEVINE,TX,76051,Po Box 3351,"GRAPEVINE, TEXAS 76099",189-39-0781,
A905459,mariana,,c,2544 VALWOOD PKWAY,FARMERS,BRANCH,TX 75234,,,,
A905460,hortencia,a,padilla,2135 twaine cir,OSAN,LEANDRO,CA 94577,,,,1924
A905461,MAROC,J,KRPALEK,21406 lilium ct,MORENO,VALLEY,CALI92557,POST OX 9994,"MORENO VALLEY, CA 92552",,
A905462,A,M,SLOMKA,11526 HACKMATACK WAY,HOUSTON,TEXAS,77066,,,9709496,
A905463,Janet,C,Quan,2919 WAR FEATHER,SAN,ANTONIO,TEXAS 78238,,,66786819,
A905464,KENYA,D,GRANT,1232 e laurel dr,SAXLINAS,CA,93905,,,,1919
A905465,SHAID,,MARTINEZ-RUIZ,11029 VANESSA AVE,ENGLEWOOD,FL,34224,,,024-77-0844,1929
A905466,johnathon,k,cloud,5619 Wagon Heel Ln,RCOSENBERG,TX,77471,,,111655481,
A905467,ANGELITO,A,PINCKNEY,220 JACK LONDON CIRCL,sacramento,ca,95842,,,,19180320
A905468,ELSA,J,CHARBONNEAU,5834 GULLSTRAND ST,SAN,DIEGO,CA 92122,,,099-64-2719,
A905469,BEVERLY,,HAUCHBAUM-RODRIGUEZ,1425 84th Avnue,oakland,,ca94621,PO BOX 18616,"oakand, california 94619",64225711,8/9/56
A905470,LILIA,,DIA,1186 w forest ave,PORTERVILLE,CA,93257,,,185171000,
A905471,JOHN,,GARCIA,1U6822 HOLTON ST,la,puente,clif. 91744,,,72075091,1946
A905472,chiquetter,j,duerr,1005 FORT APACHE DIV,haslet,exas,76052,,,189997969,1920
A905473,,,Nasisos,4353 RICHARDSON RD,CRESTVIEW,FLA.,2539,,,30689677,
A905474,terris,b,siffler,20436 cohasset st apt 14,WINNETKA,CA,W91306,,,196100056,12/14/62
A905475,HSERRY,A,THMAS,1849 Lenawee Loops Apt 10c2,NEW,PORT,RICHEY FL 34655,APTDO 34656-1405,"NZEW PORT RICHEY, FL 34654",064-55-5903,1923
A905476,WILFRED,B,JUAREZ,"4509 z35th avenue cir e,",PALMTETTO,FLA.,34221,,,,1974
A905477,alvaro,d,duran,2397 OXFORD RD,Deland,Fl,3272q4,Post Ofice Box 1374,"DELAND, FLORIDA 32721",4845539,1914
A905478,GILBERTO,,WILLIAMS,2908 Edewood Strt,Clearwater,Fl,33759,,,167868766,1945
A905479,MELISSA,,TABOR,0431 HEATHER HILL DR,HOUSTON,TX,77086,,,,8/1/30
A905480,neville,,thompson,8728 CEROS AVE APT H,panoramacity,cali,91402,,,148378048,
A905481,Elizabeth,L,Juarez,7828 kingswood rd,PANAMA,CITY,FL 32409,Buzon 16743,"PANAMA CITY, FLORIDA 32406",,
A905482,LAWRENCE,,PERNIA,284 DAIRYLAND RD,Buellton,Ca,93427,,,,
A905483,MIKE,A,MEYRE,1221 WILMINGTONX ST,OPA,LOCKA,FLORIDA 33054,,,,19-May-29
A905484,CATHERINE,L,PALOMARES,1604 CASTILLA WAY,MODESTO,CA,95355,,,,
A905485,Ryo,,S,1427 Detroit Avenu,Cocord,Ca,94520,,,109346716,
A905486,LAURA,O,BALDWIN,3842 patriot dr apt 201,ABILENE,TEXAS,79606,,,198869275,10/1/08
A905487,TONY,A,SAMORA,617 N BORDER ST,BENTON,ARKAN,72015,Bzuzon 296,"Benton, Ar 72018",,1984
A905488,nilesh,f,mckelvey,529 DANIELS ST,Woodland,Ca,95695,,,024-71-4029,
A905489,LISA,J,MANRIQUEZ,863 Lake Village Dr,WATONVILLE,CA,95076,,,,13-Jan-26
A905490,sceeter,,barnes-boyd,306 PPARKVIEW DR,ROANOKE,TX,76262,,,14406587,
A905491,ALAN,W,EDAVIS,707 Carlisle Ct,lake,dallas,tx 75065,,,117510701,8/3/75
A905492,PLATON,R,SKALSKI,15580 SW 182ND LANE,Miami,Fla.,33187,aptdoy 430115,"MIAMI, FL 33243",133310007,
A905493,Kazuko,H,Ramer,6054 VIA MONTANEZ,CAMARILLO,CA,93012,,,152461713,1914
A905494,NANCY,B,CURRA,218 19TH AV,XSAN,FRANCISCO,CALIF. 94116,,,68028078,
A905495,GARY,A,PENCE-VALDEZ,110 Carolineway,ESCONDIDO,CA,92025,,,166196367,
A905496,Heriberto,S,Smith,1140 Cactus Errace Apt C,DELRAY,BEACH,FL 33445,,,151-19-4561,
A905497,J,,RICE,660x5 honey hl,san,antonio,tx 78229,,,070-41-8248,
A905498,lias,l,campbell-simmons,5104south Drv,Fort,Worth,Tx 76132,,,114-54-2262,
A905499,GEORGE,,GODYO,1502 MAADOR DRIV,GOTHA,FLORIDA,34734,,,143252601,
A905500,COYR,,AAGAARD,14956 County Road 1125,Tyler,Tx,75703,po boxp 133140,"TYLER, TX 75713",126946454,
A905501,davy,alan,maynard,2301 s congress avenu apt 323,BOYNTON,BEACH,L 33426,,,157151218,1/1/00
A905502,Yanira,C,Deolsreyes,11855 S OLD JONESRD,FLORAL,CITY,FL 34436,,,,
A905503,CHRISTINA,E,VEGA,105H00 SW 108TH AVE APT B106,Miami,Florida,33176,CALL BOX 430115,"Miami, Sfl 33243",,
A905504,leticia,,lennard,229 selby xranch rd apt 1,sacramento,califjornia,95864,POL BOX 293357,"SACRAMENTO, CA 95829",106029247,1954
A905505,DENNIS,,VARONA,4176 arch dr apt 116,studio,city,calif. 91604,,,,
A905506,GEORGE,T,RAMIREZ,941 N Haper Ave,WEST,HOLLYWOOD,CA 90046,,,7318363,18-Dec-55
A905507,GILBERT,S,MCPHAIL,8957 Sw 225th Ter,CUTLER,BAY,FLORIDA 33190,,,033-26-1389,
A905508,garcia,,cervantes,409 Teez Dr,Healdsburg,Ca,95448,Po Box 1737,"HEALDSBURG, CA 95448",139668663,
A905509,MITCHELL,,SHIELDS,2824 TRAVELERS PALM DR,edgewater,florida,32141,,,030-66-7648,
A905510,ANGELA,H,ESTEVES,454h80 Deerbrook Cir,la,quinta,calif. 9b2253,,,,
A905511,TRIXIE,H,AWLL,1420 dun horse dr,HASLET,TEXAS,76052,,,20573545,
A905512,LEE,E,HAUSLER,6047 Ridgebrook St,san,anonio,texas 78250,PO BOX 690362,"SAN ANTONIO, TX 78269",088-06-6931,7/5/66
A905513,RUSSELL,A,ALVRAEZ,14 krockwren,Irvine,Ca,92604,,,117-61-6759,16-Jul-37
A905514,ABIGAIL,C,HEWELT,10250 Constellation Blvd # 1700,LOS,ANGELES,CA 90067,po box 881605,"LOS ANGELES, CA 90009",,11-Sep-08
A905515,I,S,WILLINGHAM,1101 Doralee Way,SAN,JOSE,CA 95125,,,042-96-3005,
A905516,STEPHEN,D,GAGNON,803 Toledo Dr,Altamonte,Spings,Fla. 32714,Po Box 162651,"Altamonte Springs, Fl 32716",65399380,19561019
A905517,julian,j,beaubien,3035 W Ceres Ave,VISALIA,CALIF.,C93291,Cakll Box 7838,"ISALIA, CA 93290",89651474,
A905518,BARBERY,,GARCIA,1017 portola avenue,Spring,Vaflley,Ca 91977,,,,19170525
A905519,edwin,j,imlls,175 marigold ave,SFREEDOM,CALI,95019,,,,
A905520,TANYA,,HOWARD,938 N FELICIDAD ST,ANAHEIM,CA,92801,Call Obox 8242,"anaheim, ca 92812",,19211127
A905521,CHRISYT,A,PACHECO,2805 GORDON ST,PANAMA,CITY,FL 32405,,,134-37-7018,3/3/63
A905522,michel,,godron,4242 dawn lane,Oceanside,Ca,92056,,,92308500,
A905523,DAVID,L,CHASE,11296 REED ISLAND DR,JACKSONVILLE,FL,32225,,,111493572,
A905524,maria,f,otomey,2101 Lowtry Ave,HAINES,CITY,FL 33844,,,95848050,
A905525,Juanita,C,Treminio,720 S BELT LINE RD,Dallas,Tx,75253,Po Box 810892,"DALLAS, TX 75381",171-73-4473,11/25/48
A905526,PHILLIP,D,BOWSER,1412 S Rama Dr,WEST,COVINA,CA 91790R,,,047-57-2722,1961
A905527,,,STEWRAT,1223 43rd St,ORLANDO,FL,32839,,,60154739,12/30/41
A905528,Galio,W,Varga,"6362 8th Ave N,",ST,PETERSBURG,FL 33710,PO BOX 4812,"st petersburg, florida 33743",,
A905529,,,lomeli,2698 VISTA VERDEX DRIV,SAN,JOSE,CA 95148,,,37898639,19490220
A905530,Donna,W,Hicks,3634 LANDIS ST,san,diego,california 92104,PO BOX 45236,"SAN DIEGO, CA 92145",,
A905531,CASSANDRA,C,HOYT,20010 harvie ane,LUTZ,FL,33558,Po Box 1622,"lutz, fl 33548",95754754,
A905532,thomas,j,roddy,12641 Ivory Stone Loop,fort,myers,fl 33913,,,,
A905533,ORLANDO,A,GARBARINO,140 Lower Viaduct Casitas Apt 19,greenbrae,ca,94904,,,58196018,19221018
A905534,fiana,m,park,"3590 GLACIAER CT SOUTH,",PLEASANTON,CA,94588,,,122-21-7055,
A905535,dawn,r,bailey,6535 AUTUMN GLEN CT,RANCHO,CCAMONGA,CA 91701,CALL BOX 3243,"RANCHO CUCAMONGA, CA 91729",91567479,
A905536,DAVID,VINCENT,BRUSH,10422 DALEROSE AVE,INGLEWOOD,CA,90304,po box 1607,"INGLEWOOD, CA 90308",088-92-3329,1901
A905537,ARTURO,DOUG,GREEN,239 montmartre ave,RIVERSIDE,CA,92501,,,167321580,1922
A905538,J,G,RIDEAUX,9504 Telegraph Rd,downey,ca,90240,PO BOX 2555,"DOWNEY, CA 90242",,1967
A905539,Charles,A,Nelson,5005 HIDALGO ST UNIT 413,Houston,Texas,77056,,,,
A905540,Aurora,,Rosas,1005 VHIGH POINT RD,arlington,tx,76015,,,55646597,
A905541,D,E,GUILLEN,7948 Leicester Dr,Naples,Fl,34104,,,113508069,
A905542,Claud,,Sanspree,4012 Pinyon Drive,Cohcoa,Fl,32926,,,36912279,10/26/19
A905543,ROLANDO,J,MCBRIDE,2050 mendcino dr,BAY,POINT,CA 94565,,,147120536,1959
A905544,LILIANA,S,KINGERY,718 INKS FARM,SAN,ANTONIO,TX 78228,PO BSOX 690362,"San Antonio, Tx 78269",072-21-7201,
A905545,Dorothy,J,Clarke,42 Glenbriar Circ,TRACY,CALIF.,9377,,,54047054,
A905546,ysidro,a,guajardo,1010 A Ave Apt 2,CORONADO,CA,9218,,,068-38-8621,
A905547,Duane,,Valentine,2000 club view cir,corinth,texas,76210,,,23312087,1935
A905548,Ezequiel,S,Lutz,2116 E 29th St,LUBBOCK,TX,79404,,,051-63-0229,1970
A905549,Janice,,Mills,18807 morehouwse driv,Carsono,Calif.,90746,,,96136831,
A905550,EUELLA,,GONZALEZ,17307 SIERRA SUNRISE LN,Canyon,Country,Ca 91387,,,,1971
A905551,A,,Rivera,8833 FLORIDA BOYS RANCH RD,CLERMONT,FL,34711,,,,
A905552,TESSA,P,MANLY,3000 CLARCONA RD LOT B2620,Apopka,Fl,32703,,,038-55-3433,1978
A905553,debi,c,ruiz,3738 67th ave apt a,Pinellas,Park,Fl Z33781,,,086-60-3178,3-Jun-52
A905554,TODD,,SMITH,74455 JOE DAVIS DR APT 20,Twentynine,Palms,Ca 92277,,,32177645,
A905555,noar,n,disaliv,119 NE 7TH AVE APVT 5,DELRAY,BEACH,FL 33483,,,195-40-0862,
A905556,BLANCA,L,CONRADY,11856 FNIGHTINGALE ST,moorpark,ca,93021,,,160-85-2617,5/2/26
A905557,s,,christensen,5 relampago,RANCHO,SANTA,MARGARITA CA 92688,,,,
A905558,ROBERT,,SEDKANO,"4109 31ST AVE W,",Bradenton,Fl,34205,,,42966477,1935
A905559,A,C,GABBIN,1410 E 110TH ST,los,angeles,ca 90059,,,,
A905560,ralph,a,agtarap,1502 E HOLLY OAK DR,West,Covina,Ca 91791,,,169-94-0285,
A905561,DENISE,,RODRIGUEZ,477 MOORE DRIV,vidor,tx,77662,POBOX 2262,"VIDOR, TX 77670",19129207,
A905562,CHRISTINA,,ROJAS,1730 S CONLON AVE,west,cvina,ca 91790,,,24136883,
A905563,JUAN,D,HARRON,432 S Curson Ave # 36,LOS,ANGELES,CA 90036,,,,
A905564,mayela,r,ozuna,1101 LAGUNA DRIVE,Denton,Tx,76209,po box 51994,"DENTON, TX 76206",146945590,
A905565,TERIRE,C,GALVIS,192 damsen dr,San,Jose,Ca 95116,PO BOX 640083,"SAN JOSE, CA 95164",152610059,
A905566,HETTY,E,SWANSON,510 N MARMTIN LUTHER KING STR,Sweeny,Tx,77480,,,,
A905567,LUIS,D,JACKSON-COLE,5901 whispering lakes dr,KATY,TEAS,77493,PO BOX 110,"Katy, Texas 77492",131665682,1934
A905568,APOLONIA,V,NGUYEN,4648winter Oak Way,ANTELOPE,CA,95843,,,177013461,1/6/67
A905569,stacey,,allen,87 Dolores St Apt 202,san,francisco,ca 94103,,,66408357,
A905570,STEPHANIE,M,SAY,"103 Pompano Dr Se, Apt D",CST,PETERSBURG,FL 33705,APARTADO 41812,"ST PETERSBURG, FLA. 33743",,
A905571,hung,l,turne,2241 KELLY ST,HAYWARD,CA,9451,,,074-41-3957,19721216
A905572,DANNY,J,LOVING,9900 lakewood blvd ste 207,DOWNEY,CALI,9X0240,,,190495997,22-Apr-85
A905573,LAURA,J,BULTER,10851 s ocean rv lot 29,JENSEN,BEACH,FL 34957,,,164-05-2410,
A905574,Blanca,C,Walton,1 pine crse,Ocala,Fl,34472,,,032-08-8274,
A905575,Blake,M,Lucich,2526 HERNANDO RD,SACRAMENTO,CALIFORNIA,9825,,,114691234,
A905576,A,,Joseph,1450 GEORGE DIETER DR BAPT 2G,EL,PASO,TX 79936,,,,
A905577,glen,k,janisch,5204 SWAPS CT,BAKERSFIELD,CALIF.,93312,Po Box 60103,"BAKERSFIELD, CA 93386",28559531,1949
A905578,GILBERT,J,JOHNSON,7522 Belle View Ave,SEBASTOPOL,CA,95472,,,,
A905579,ALISHA,,WILCOX,22562 THRUSH ST,Grand,Terrace,Ca 92313,,,20102672,6/11/83
A905580,DANEIL,E,ROCHA,8304 KINDRED PIRIT LN,st,augustine,fla. 32092,,,,3/30/25
A905581,David,L,Entler,333 WINTERWIND CIVR,SAN,RAMON,CA 94583,,,116552507,
A905582,JANICE,G,MONTALVO,11008 SIERRA VERDE TRL,austin,tx,7859,Po Box 90335,"AUSTIN, TEXAS 78709",189526277,1907
A905583,Sergio,J,Morse,611 S Palm Canyon Dr Ste 7-187,PALM,SPRINGS,CALI 92264,po box 2012,"PALM SPRINGS, RCALI 92263",120-43-2398,
A905584,Steve,R,Correa,837 lewis rd,WATSONVILLE,CA,95076,PO BOX 1353,"WATSONVILLE, CALI 95077",081-10-4623,1916
A905585,B,J,OUELLETT,1763 CHAPARRAL DR,PITTSBURG,CA,94565,aptdo 8v27,"PITTSBURG, CA 94565",,
A905586,JOSHUA,,MCIGLL,2906T3 BLUE MOON DRV,menifee,california,92584,,,175987135,
A905587,EDBBIE,Y,KAHN,5428 corsicana ave,El,Paso,Tx 79924,,,129405515,
A905588,Ailce,S,Lota,6214 acazador,Rancho,Murieta,Cali 95683,,,169615977,
A905589,James,R,Wruster,10414 Sequoia Pass Ct,HOUSTON,TEXAS,77095,,,126139688,
A905590,Jennifer,R,Weaver,7713 pengrve pass,orlando,fl,32835,PO BOX 720506,"Orlando, Frl 32872",084-95-3256,
A905591,David,L,Beaumont,7745 BARCLAY ROAD,new,port,richey fl 34654,PO BOX 34656-1405,"New Port Richey, Fl 34654",074-79-8756,1/1/00
A905592,TRAVIS,,CRUZ,863 north winter park driv,casselberry,fl,32707,,,,11/14/23
A905593,JOE,R,AANDERSON,911w 7th St,WESLACO,TEXAS,78596,,,51522861,10/27/43
A905594,Leesa,L,Noble,10406 Indiana Ave Apt 151,RIVERSIDE,CA,92503,Pao Box 52661,"RIVERSIDE, CA 92517",,
A905595,whitney,d,fried,6801 Thorncliff Trl,plano,texas,75023,,,,
A905596,LISA,M,SANTANA,2849 SHENANDOAH DR,chula,vista,ca 91914,,,705-77-3109,1937
A905597,Mary,,Goodwin,7948 Pocket Rd Apt 32,sacramentoca,,95831,,,017-94-0922,1908
A905598,ALXEIS,F,BENNETT,1449 E AVENUE I SPC B26,lancaster,cali,93535,,,,
A905599,Ricky,O,Adegoriola,705 Whispetring Cir Apt 16,st,augustine,fl 32084,,,092-64-9381,19610414
A905600,MICHAEL,L,WYNN,210g6 pinetree ct,RANCHO,CORDOVA,CA 95670,,,021-77-7345,3/18/07
A905601,gina,d,dunford,602 TWINBROOKE DR,OUSTON,TEXAS,77037,,,091-55-5815,
A905602,UINISE,W,TOGN,13955 ACTUS DR # A,DESERT,HOT,SPRINGS CA 92240,,,95749682,19380722
A905603,staci,,espinoza,25402 yolanda ave,MORENO,VALLEY,CALIFORNIA 92551,Po Box 999m4,"MORENO VALLEY, CA 92552",39639329,1936
A905604,DAVY,VINCENT,BRUSH,5142Q FRANKLIN DRV STE B,PLEASANTON,,CA94588,Aptdo 1754,"PLKEASANTON, CALI 94566",88923329,
A905605,W,M,JUMPS,6523 Seco Blvd,DALLAS,TEXAS,75217,,,141080090,10/27/19
A905606,GINGER,,CLEMENTS,7718 SOUTH KSTREET APT 4A,Lhittle,Rock,Ar 72227,APTDO 165891,"LITTLE ROCK, AR 72216",,
A905607,james,b,gulkis,4193 LINKS DR APT 206,springdale,ark.,72762,,,173890970,3/25/21
A905608,Janine,L,Bernal,670 pablmer dr,RED,BLUFF,CAD 96080,,,,
A905609,ANTHONY,G,KING,4955 NW 199TH ST LOT 430,miami,gardens,fl 33055,,,18032252,
A905610,Jessica,L,Bronw,1W2007 WINTERCREST DR APT 229,LAKESIDE,CA,92040,,,,
A905611,guillermo,e,guidicotti,153 E Clay St,COLUSA,CA,95932,,,,1936
A905612,,,STRAIN,2303 KELL STR AP 3,Corning,Ar,72422,,,092-84-1320,19841020
A905613,Robert,M,Peacre,1444 Ne 10th Ve,fort,lauderdale,fl 33304,,,,
A905614,RICHARD,,GUZMAN,1807 TIOGA PASS CT,anctioch,calif.,94531,Callerm 1655,"antioc, ca 94509",178-83-7387,
A905615,louise,d,azevedo,306 E Renoir Rd,Defuniak,Springsu,Florida 32433,,,162278581,
A905616,patrick,l,alexander,4615 cypres avenu,WICHITA,FALLS,TEXAS 76310,POST FFICE BOX 4313,"WICHITA FALLS, TEXAS 76308",400-88-2341,
A905617,Rbenda,E,Hubbard,219 FVIA COLINAS,WESTLAKE,VILLAGE,CALIF. 91362,buzon 72v31,"WESTLAKE VILLAGE, CAI 91359",182290101,
A905618,Michele,S,Graston,1315 N BAKER AVENU,ONTARIO,CALIF.,917R64,buzon 482,"ontario, c 91762",73002659,
A905619,CARLOS,,LETT,3376 CITATIO DR,GREEN,COVE,SPRINGTS FLA. 32043,,,,
A905620,KARL,ARTURO,ALVAREZ,1432 NORMANDY DR,Chula,Vista,Ca 91913,Po Box 1657,"CHULA VISTA, CA 91912",80597099,
A905621,GEARY,,ALEMAN,4003 AFUDRY LN,henslcey,ark.,72065,,,,
A905622,Janet,D,Romero,429 Ramer Ford Rd,Prim,,Ar72130,,,113633871,3/22/53
A905623,MARY,,ELIZONDO,1736 Diamond Lake Trails,JUSTIN,TEXAS,76247,,,159-84-6386,
A905624,jeffery,a,doherty,129 noeline waay,san,diego,ca 92114,bzon 45236,"SAN DIEGO, CLIFORNIA 92145",038-10-2157,
A905625,Joel,D,Grigal,627 w mayberry ave,hemet,ca,92543,CALL BOX 1315,"HEMET, CA 92546",70126592,13-Jan-17
A905626,a,,dixon,924M0 HENLEY WY,Sacramentoca,,95826,,,133-95-9325,5/25/68
A905627,Kimberly,,Taylor,6195 W CARDINAL ST,HOMOSASSA,FL,34446,,,046-88-5131,
A905628,MILAGORS,G,K,7100 ALMOND VIEW CT,orangevale,ca,95662,,,56442541,1-Jan-00
A905629,LAURA,,LPOEZ,67m02 Gulf Drv,panama,city,fl 32408,,,,
A905630,IRMA,M,MORSYE,15 Clear Sky Circl,SACRAMENT,CA,95823,,,7982523,
A905631,PATRICIA,L,GARCIA,2716 w tampa bfay blvd,tampa,fla.,336y07,po box 76972,"tampa, florida 33675",048-93-3295,
A905632,DELORES,,HAUETER,5218 pine scliff dr,HOUSTON,TEXAS,77084,PO BOX 280034,"housto, texas 77228",53850236,1908
A905633,AILLA,,VALLADARES,470 SOBERANES ST,KING,CITY,CALIF. 93930,,,013-87-3032,
A905634,Arnsom,,Veelz,412 WEST GARDENIA AVNUE,mcallen,tx,78501,PO BOX 5840,"MCALLEN, TX 78505",191-86-7158,
A905635,RUSSELL,R,TATUM,4101 BOB WHITE CT,Saint,Cloud,Fl 34772,,,181760365,
A905636,SEIFUDEEN,R,CARRIER,2304 ANOVER DR APT 6,killeen,tx,76542,,,142346571,
A905637,wesley,c,avina,22438 Ne 119th Dr,RAIFORD,FL,C32083,,,123464627,
A905638,lawrence,l,cradarelle,8821 NW 12TH ST,pembroke,pines,fl 33024,po box 245441,"PEMBROKE PINES, FL 33024",165361087,
A905639,MERRY,E,ALEGRIA,12324 Cora Viescas Ln,EL,PASO,TX 79936,,,73976076,
A905640,Connie,J,Kipp,9235 morbino av,HESPERIA,CA,92345,Po Box 403022,"HESPERIA, CALIFORNIA 92340",,
A905641,deborah,v,alejandre,3790 W BENJAMIN HOLT EDR APT 2,STOCKTON,CA,95219,,,116482522,
A905642,PATRICIA,T,PENA,1459irving Ave,Glendajle,Ca,91201,,,504177291,
A905643,JAMIE,R,WURSTER,5707 honor court,houston,texas,77041,,,126-19-3688,1926
A905644,m,,urias,163 SPRUCE STREET,GREEN,COVE,SPRINGS FL X32043,,,,
A905645,M,,PUGH,13024 Arch Street Pike,lzittle,rock,ar 72206,,,53012811,
A905646,cindy,n,gullo,8940 Priscilla St,DOWNEY,CA,90242,PO BOX 2555,"Downey, California 90242",197-19-5219,
A905647,BERTHA,,RODRIGUEZ,1175 Haverhill St,West,Sacramento,Ca 95691,,,78531284,2/3/48
A905648,glenn,d,cabrera,935 CATHRINE AVENIDA,OLLY,HILL,FL 32125,,,096-06-4565,
A905649,EVA,E,GREEN,2634 MEADOWLARK LN,Escondido,California,92027,,,,
A905650,MARY,,ALOMIA,9823 mred rugossa dr,HOUSTON,TX,77095,,,,
A905651,ONEYDA,M,RHODES,2449 DEERPARK DRIV,fullerton,ca,92835,POBOX 6459,"FULLERTON, CA 92834",,
A905652,SAL,P,LARGOZA,5186 HEMINGWAY CIR APT 2601,NAPLES,FLORIDA,34116,,,155239156,9/18/73
A905653,TONY,G,KING,3115 VILLAGE POND LN,Frlesno,Tx,77545,Po Ox 748,"Fresno, Tx 77545",018-30-2252,
A905654,MICKEY,M,DOVE,11546 west yandotte st,north,hollywood,ca 91605,plo box 9483,"North Hollywood, Ca 91609",118695501,1908
A905655,GORDON,L,PEREZ,"3204 17th St W,",lehigh,acres,fl 33971,,,20588147,
A905656,franklin,l,bennifield,107 ulysses st,Humphrey,Ar,72073,,,171-18-7125,
A905657,rene,w,wilson,3150 BENTOKN BOULEVARD,pace,fl,f32571,,,133-04-3120,
A905658,elvira,a,mcdaniel,4409 webstuer st,TAMPA,FL,33610,,,035-35-6696,1917
A905659,Tomeka,,Bendix,5748 brett dr,SACRAMENTO,CA,95842,POBOX 293357,"SACRAMENTO, CA 95829",,
A905660,Alvin,Jim,Uran,204 Clinton Court,SALIAS,CA,93906,,,134245205,
A905661,Annette,,Nguyen,1712 E PINE AVEN,EL,SEGUNDO,CALIF. 90245,,,,19150114
A905662,Brandy,G,Sierra,3087 VAUGHN AVE,marina,ca,93933,Post Office Box F1349,"MARINA, CLI 93933",158772441,
A905663,ALICHA,K,SNEED,7485 WREN AVE,GILROY,CA,95020,,,024-04-7556,
A905664,CHARLENE,L,BRAZUKAS,701 limpkin rd,NAPLES,FLORIDA,34120,,,,1/1/00
A905665,Nagie,E,Mcoy,2187 GOLDEN GATE DR,Plumas,Lake,Ca 95961,,,144762775,
A905666,R,T,PASSINO,206 mockingbird st,HARRISON,ARK.,7260X1,,,152812366,
A905667,Suzana,E,Pinter,2 MONSTAD ST,ALISO,VIEJO,CA 92656,,,,12/3/65
A905668,LEYANIS,L,DELGADILOL,12056 movunt vernon avenida # 380,GRAND,TERRACE,CA 92313,,,155972863,1981
A905669,Elizabeth,,Gore,4490 RACHEL BLVD,WEEKIWACHEE,FLA.,34607,,,163-66-5706,
A905670,MARIE,W,SUMMERALL,425 TRUTUN AVE,bakersfield,calif.,93301,,,,
A905671,ADRIAN,M,JENKINS,17036 DOWNEY AVEN AP C,Bellflower,Ca,90706,Office Bx 1100,"bellflower, ca 90707",,
A905672,Robert,I,Fgipson,4907 DALEVALE CT,fort,worth,tx 76135,,,,
A905673,DELIA,E,HALL,E1426 Glenshaw Drv,La,Puente,Ca 91744,,,152813704,8/3/42
A905674,NICKEY,,DELARA,809 SALEM LN APT B,Lake,Worth,Fl 33467,,,188132881,1965
A905675,Esteen,L,Kessee,7658 nottinghil sky drive,apollo,beach,fl 33572,,,029-27-7118,1968
A905676,J,A,WORTH,131 east olly str apt 303,PASADENA,CA,91103,PO BOX4518,"Pasadena, Ca 91109",7932307,
A905677,joanne,d,thrower,25495 S FM 4,LIPAN,T,76462,,,37845492,
A905678,chaszey,m,blacbkurn,1390 Vilxla View Lane Unit A,el,cajon,cali 92021,,,112939029,
A905679,GREG,WAYNE,STEWART,2515 CAMILLIA T,Highlands,Tx,77562,,,191-81-3844,17-Jan-19
A905680,JULIE,L,SILVA,1343 tamarind ave,RIALTO,CA,92376,,,78266723,14-Dec-06
A905681,,,Gonzalez,12821 Vandiver Ln,ALEXANER,AR,72002,,,155295685,3/8/11
A905682,K,,DEITRICH,820 MILLER AVER,SOUTH,SAN,FRANCISCO CA 94080,,,142602661,
A905683,martha,r,o,2760 Thomas Grade,MORGAN,HILL,CA 95037,,,85438802,1926
A905684,i,a,calvert,14830 Bluemist Pass,San,Antonio,Tx 78247,,,120-88-4248,
A905685,Flor,A,Mcclung,5550 E MICHIGAN ST,orlando,fl,32822,,,,
A905686,Marie,G,Erath,4340 nw 168th te,MIAMI,GARDENS,FL 33055,,,,1976
A905687,todd,,pham,1715 INDEPENDENCE BOULEVARXD APT 206,SALINAS,CA,93906,po box 131,"Salinas, Ca 93902",170-75-4533,3/13/45
A905688,ALFRED,R,GALLEGOS-RUZ,10515 PAVILION DR,Bakersfield,Ca,93312,,,118723893,
A905689,Francisco,Franklin,Rbitt,1648 NATALIE ST #,WST,COVINA,CA 91792,,,060-62-3921,19710109
A905690,MIDGE,,CARRISALEZ,5200 BROADWAY APT 73,Sacramento,California,95820,,,177-47-5459,
A905691,Monya,,Gonzalez,8326 Ivy Point Dr,HOUSTON,TX,77083,,,195178973,
A956688,RICHARD,S,STOKES,2565 LAKESIDE DR,Benton,Ar,72019,,,008-22-9890,